order_office,LOCFileNumber,loc_revenue_idr
FKSCLG,LOC-2-2510-003504,2400000
FKSCLG,LOC-2-2511-000983,950000
FKSCLG,LOC-2-2511-001437,1690000
FKSCLG,LOC-2-2511-001438,1840000
FKSCLG,LOC-2-2511-001439,1890000
FKSCLG,LOC-2-2601-000157,1700000
FKSCLG,LOC-2-2601-000441,13523770
FKSCLG,LOC-2-2601-000581,8999900
FKSCLG,LOC-2-2601-001713,3400000
FKSCLG,LOC-2-2602-000150,1000000
FKSCLG,LOC-2-2602-000284,4300000
FKSCLG,LOC-2-2602-000355,1000000
FKSCLG,LOC-2-2602-000356,900000
FKSCLG,LOC-2-2602-000357,1000000
FKSCLG,LOC-2-2602-000358,1200000
FKSCLG,LOC-2-2602-000359,900000
FKSCLG,LOC-2-2602-000399,12575940
FKSCLG,LOC-2-2602-000460,900000
FKSCLG,LOC-2-2602-000461,900000
FKSCLG,LOC-2-2602-000462,900000
FKSCLG,LOC-2-2602-000463,900000
FKSCLG,LOC-2-2602-000480,1700000
FKSCLG,LOC-2-2602-000511,1320000
FKSCLG,LOC-2-2602-000512,1000000
FKSCLG,LOC-2-2602-000513,900000
FKSCLG,LOC-2-2602-000514,900000
FKSCLG,LOC-2-2602-000517,1830000
FKSCLG,LOC-2-2602-000550,900000
FKSCLG,LOC-2-2602-000551,900000
FKSCLG,LOC-2-2602-000552,900000
FKSCLG,LOC-2-2602-000553,900000
FKSCLG,LOC-2-2602-000554,1100000
FKSCLG,LOC-2-2602-000582,1950000
FKSCLG,LOC-2-2602-000583,1650000
FKSCLG,LOC-2-2602-000584,2000000
FKSCLG,LOC-2-2602-000585,1650000
FKSCLG,LOC-2-2602-000586,1650000
FKSCLG,LOC-2-2602-000637,900000
FKSCLG,LOC-2-2602-000638,900000
FKSCLG,LOC-2-2602-000639,900000
FKSCLG,LOC-2-2602-000640,900000
FKSCLG,LOC-2-2602-000683,1320000
FKSCLG,LOC-2-2602-000684,900000
FKSCLG,LOC-2-2602-000685,900000
FKSCLG,LOC-2-2602-000686,900000
FKSCLG,LOC-2-2602-000687,900000
FKSCLG,LOC-2-2602-000738,900000
FKSCLG,LOC-2-2602-000739,900000
FKSCLG,LOC-2-2602-000740,900000
FKSCLG,LOC-2-2602-000741,900000
FKSCLG,LOC-2-2602-000742,1100000
FKSCLG,LOC-2-2602-000748,13502840
FKSCLG,LOC-2-2602-000785,900000
FKSCLG,LOC-2-2602-000786,900000
FKSCLG,LOC-2-2602-000787,900000
FKSCLG,LOC-2-2602-000788,900000
FKSCLG,LOC-2-2602-000789,1430000
FKSCLG,LOC-2-2602-000852,900000
FKSCLG,LOC-2-2602-000853,900000
FKSCLG,LOC-2-2602-000854,1000000
FKSCLG,LOC-2-2602-000855,900000
FKSCLG,LOC-2-2602-000856,900000
FKSCLG,LOC-2-2602-000857,900000
FKSCLG,LOC-2-2602-000914,1000000
FKSCLG,LOC-2-2602-000915,1000000
FKSCLG,LOC-2-2602-000916,900000
FKSCLG,LOC-2-2602-000917,900000
FKSCLG,LOC-2-2602-000951,900000
FKSCLG,LOC-2-2602-000965,5228004
FKSCLG,LOC-2-2602-000987,900000
FKSCLG,LOC-2-2602-000988,900000
FKSCLG,LOC-2-2602-000989,900000
FKSCLG,LOC-2-2602-000990,1580000
FKSCLG,LOC-2-2602-001030,1000000
FKSCLG,LOC-2-2602-001031,1000000
FKSCLG,LOC-2-2602-001032,900000
FKSCLG,LOC-2-2602-001091,3360000
FKSCLG,LOC-2-2602-001092,900000
FKSCLG,LOC-2-2602-001093,900000
FKSCLG,LOC-2-2602-001094,900000
FKSCLG,LOC-2-2602-001095,900000
FKSCLG,LOC-2-2602-001139,1000000
FKSCLG,LOC-2-2602-001140,900000
FKSCLG,LOC-2-2602-001141,900000
FKSCLG,LOC-2-2602-001142,900000
FKSCLG,LOC-2-2602-001143,900000
FKSCLG,LOC-2-2602-001144,900000
FKSCLG,LOC-2-2602-001193,13649350
FKSCLG,LOC-2-2602-001240,13532740
FKSCLG,LOC-2-2603-000001,1000000
FKSCLG,LOC-2-2603-000002,900000
FKSCLG,LOC-2-2603-000003,900000
FKSCLG,LOC-2-2603-000004,1000000
FKSCLG,LOC-2-2603-000005,900000
FKSCLG,LOC-2-2603-000037,1200000
FKSCLG,LOC-2-2603-000051,900000
FKSCLG,LOC-2-2603-000052,900000
FKSCLG,LOC-2-2603-000069,3584000
FKSCLG,LOC-2-2603-000099,1470000
FKSCLG,LOC-2-2603-000100,1320000
FKSCLG,LOC-2-2603-000101,1000000
FKSCLG,LOC-2-2603-000102,1000000
FKSCLG,LOC-2-2603-000103,1000000
FKSCLG,LOC-2-2603-000113,6351540
FKSCLG,LOC-2-2603-000125,6103398
FKSCLG,LOC-2-2603-000151,900000
FKSCLG,LOC-2-2603-000152,900000
FKSCLG,LOC-2-2603-000153,1000000
FKSCLG,LOC-2-2603-000154,900000
FKSCLG,LOC-2-2603-000173,3584000
FKSCLG,LOC-2-2603-000181,6104094
FKSCLG,LOC-2-2603-000182,6107052
FKSCLG,LOC-2-2603-000187,900000
FKSCLG,LOC-2-2603-000192,11500000
FKSCLG,LOC-2-2603-000199,2000000
FKSCLG,LOC-2-2603-000200,2000000
FKSCLG,LOC-2-2603-000201,1750000
FKSCLG,LOC-2-2603-000202,1690000
FKSCLG,LOC-2-2603-000211,6098178
FKSCLG,LOC-2-2603-000212,6103050
FKSCLG,LOC-2-2603-000228,1200000
FKSCLG,LOC-2-2603-000229,900000
FKSCLG,LOC-2-2603-000233,10425500
FKSCLG,LOC-2-2603-000234,10396500
FKSCLG,LOC-2-2603-000240,6730900
FKSCLG,LOC-2-2603-000262,9260550
FKSCLG,LOC-2-2603-000294,900000
FKSCLG,LOC-2-2603-000295,900000
FKSCLG,LOC-2-2603-000296,900000
FKSCLG,LOC-2-2603-000297,900000
FKSCLG,LOC-2-2603-000298,900000
FKSCLG,LOC-2-2603-000299,900000
FKSCLG,LOC-2-2603-000302,7540000
FKSCLG,LOC-2-2603-000316,2300000
FKSCLG,LOC-2-2603-000317,900000
FKSCLG,LOC-2-2603-000318,900000
FKSCLG,LOC-2-2603-000319,1000000
FKSCLG,LOC-2-2603-000320,900000
FKSCLG,LOC-2-2603-000321,900000
FKSCLG,LOC-2-2603-000332,11500000
FKSCLG,LOC-2-2603-000351,4144000
FKSCLG,LOC-2-2603-000355,6464796
FKSCLG,LOC-2-2603-000356,3950000
FKSCLG,LOC-2-2603-000357,3950000
FKSCLG,LOC-2-2603-000358,3950000
FKSCLG,LOC-2-2603-000359,2170000
FKSCLG,LOC-2-2603-000360,2170000
FKSCLG,LOC-2-2603-000361,2170000
FKSCLG,LOC-2-2603-000362,2170000
FKSCLG,LOC-2-2603-000363,2170000
FKSCLG,LOC-2-2603-000374,900000
FKSCLG,LOC-2-2603-000375,900000
FKSCLG,LOC-2-2603-000376,900000
FKSCLG,LOC-2-2603-000377,900000
FKSCLG,LOC-2-2603-000378,1050000
FKSCLG,LOC-2-2603-000379,900000
FKSCLG,LOC-2-2603-000382,7540000
FKSCLG,LOC-2-2603-000383,7540000
FKSCLG,LOC-2-2603-000398,3584000
FKSCLG,LOC-2-2603-000425,3950000
FKSCLG,LOC-2-2603-000426,3950000
FKSCLG,LOC-2-2603-000427,3950000
FKSCLG,LOC-2-2603-000428,3950000
FKSCLG,LOC-2-2603-000430,2530000
FKSCLG,LOC-2-2603-000443,3920000
FKSCLG,LOC-2-2603-000444,3920000
FKSCLG,LOC-2-2603-000446,3059200
FKSCLG,LOC-2-2603-000447,3059200
FKSCLG,LOC-2-2603-000452,900000
FKSCLG,LOC-2-2603-000453,900000
FKSCLG,LOC-2-2603-000454,900000
FKSCLG,LOC-2-2603-000455,900000
FKSCLG,LOC-2-2603-000460,4000000
FKSCLG,LOC-2-2603-000467,7085000
FKSCLG,LOC-2-2603-000478,3920000
FKSCLG,LOC-2-2603-000479,3920000
FKSCLG,LOC-2-2603-000486,6860000
FKSCLG,LOC-2-2603-000487,6860000
FKSCLG,LOC-2-2603-000500,900000
FKSCLG,LOC-2-2603-000501,1000000
FKSCLG,LOC-2-2603-000502,1000000
FKSCLG,LOC-2-2603-000503,900000
FKSCLG,LOC-2-2603-000504,900000
FKSCLG,LOC-2-2603-000511,4144000
FKSCLG,LOC-2-2603-000520,6103050
FKSCLG,LOC-2-2603-000522,6454530
FKSCLG,LOC-2-2603-000532,4144000
FKSCLG,LOC-2-2603-000546,3059200
FKSCLG,LOC-2-2603-000547,2950000
FKSCLG,LOC-2-2603-000555,8823750
FKSCLG,LOC-2-2603-000558,9192300
FKSCLG,LOC-2-2603-000559,8827650
FKSCLG,LOC-2-2603-000566,4144000
FKSCLG,LOC-2-2603-000572,900000
FKSCLG,LOC-2-2603-000573,900000
FKSCLG,LOC-2-2603-000575,1500000
FKSCLG,LOC-2-2603-000593,1250000
FKSCLG,LOC-2-2603-000601,4144000
FKSCLG,LOC-2-2603-000606,4144000
FKSCLG,LOC-2-2603-000607,4144000
FKSCLG,LOC-2-2603-000617,6860000
FKSCLG,LOC-2-2603-000618,900000
FKSCLG,LOC-2-2603-000619,900000
FKSCLG,LOC-2-2603-000621,900000
FKSCLG,LOC-2-2603-000624,1900000
FKSCLG,LOC-2-2603-000626,2500000
FKSCLG,LOC-2-2603-000630,4144000
FKSCLG,LOC-2-2603-000633,4144000
FKSCLG,LOC-2-2603-000640,1731180
FKSCLG,LOC-2-2603-000641,2585160
FKSCLG,LOC-2-2603-000642,2583440
FKSCLG,LOC-2-2603-000643,3011720
FKSCLG,LOC-2-2603-000644,8195140.2
FKSCLG,LOC-2-2603-000645,2789366.1599999997
FKSCLG,LOC-2-2603-000646,3238380
FKSCLG,LOC-2-2603-000647,2795333.7600000002
FKSCLG,LOC-2-2603-000648,1779750
FKSCLG,LOC-2-2603-000651,4144000
FKSCLG,LOC-2-2603-000654,1575000
FKSCLG,LOC-2-2603-000655,2570000
FKSCLG,LOC-2-2603-000658,4144000
FKSCLG,LOC-2-2603-000659,4144000
FKSCLG,LOC-2-2603-000660,4144000
FKSCLG,LOC-2-2603-000661,4144000
FKSCLG,LOC-2-2603-000662,4144000
FKSCLG,LOC-2-2603-000663,4144000
FKSCLG,LOC-2-2603-000665,6453312
FKSCLG,LOC-2-2603-000666,6448614
FKSCLG,LOC-2-2603-000667,6448266
FKSCLG,LOC-2-2603-000668,6465144
FKSCLG,LOC-2-2603-000669,6447048
FKSCLG,LOC-2-2603-000673,4144000
FKSCLG,LOC-2-2603-000674,4144000
FKSCLG,LOC-2-2603-000675,4144000
FKSCLG,LOC-2-2603-000676,4144000
FKSCLG,LOC-2-2603-000677,4144000
FKSCLG,LOC-2-2603-000678,4144000
FKSCLG,LOC-2-2603-000679,4144000
FKSCLG,LOC-2-2603-000680,4144000
FKSCLG,LOC-2-2603-000681,4144000
FKSCLG,LOC-2-2603-000682,4144000
FKSCLG,LOC-2-2603-000683,900000
FKSCLG,LOC-2-2603-000684,900000
FKSCLG,LOC-2-2603-000685,1000000
FKSCLG,LOC-2-2603-000686,900000
FKSCLG,LOC-2-2603-000687,900000
FKSCLG,LOC-2-2603-000689,5430000
FKSCLG,LOC-2-2603-000692,2050000
FKSCLG,LOC-2-2603-000693,3920000
FKSCLG,LOC-2-2603-000694,3920000
FKSCLG,LOC-2-2603-000695,3920000
FKSCLG,LOC-2-2603-000696,6103398
FKSCLG,LOC-2-2603-000697,3920000
FKSCLG,LOC-2-2603-000699,1450000
FKSCLG,LOC-2-2603-000700,1150000
FKSCLG,LOC-2-2603-000701,2100000
FKSCLG,LOC-2-2603-000706,1740000
FKSCLG,LOC-2-2603-000708,1436000
FKSCLG,LOC-2-2603-000709,1436000
FKSCLG,LOC-2-2603-000710,1000000
FKSCLG,LOC-2-2603-000711,1000000
FKSCLG,LOC-2-2603-000712,900000
FKSCLG,LOC-2-2603-000713,1450000
FKSCLG,LOC-2-2603-000714,1350000
FKSCLG,LOC-2-2603-000715,1650000
FKSCLG,LOC-2-2603-000716,2100000
FKSCLG,LOC-2-2603-000717,2100000
FKSCLG,LOC-2-2603-000718,4144000
FKSCLG,LOC-2-2603-000719,4144000
FKSCLG,LOC-2-2603-000720,4144000
FKSCLG,LOC-2-2603-000721,4144000
FKSCLG,LOC-2-2603-000722,4144000
FKSCLG,LOC-2-2603-000723,4144000
FKSCLG,LOC-2-2603-000724,4144000
FKSCLG,LOC-2-2603-000725,4144000
FKSCLG,LOC-2-2603-000726,4144000
FKSCLG,LOC-2-2603-000727,6448266
FKSCLG,LOC-2-2603-000728,6448614
FKSCLG,LOC-2-2603-000729,6463056
FKSCLG,LOC-2-2603-000730,6410856
FKSCLG,LOC-2-2603-000744,4760300
FKSCLG,LOC-2-2603-000745,1740000
FKSCLG,LOC-2-2603-000746,5589920
FKSCLG,LOC-2-2603-000750,3349440
FKSCLG,LOC-2-2603-000751,3906500
FKSCLG,LOC-2-2603-000752,2147210
FKSCLG,LOC-2-2603-000753,2056740
FKSCLG,LOC-2-2603-000754,2411980
FKSCLG,LOC-2-2603-000755,2517390
FKSCLG,LOC-2-2603-000756,2021880
FKSCLG,LOC-2-2603-000757,2169620
FKSCLG,LOC-2-2603-000758,2481700
FKSCLG,LOC-2-2603-000759,2450160
FKSCLG,LOC-2-2603-000760,2445180
FKSCLG,LOC-2-2603-000761,2450160
FKSCLG,LOC-2-2603-000762,2137250
FKSCLG,LOC-2-2603-000763,1985360
FKSCLG,LOC-2-2603-000764,2019390
FKSCLG,LOC-2-2603-000765,1909000
FKSCLG,LOC-2-2603-000766,1782840
FKSCLG,LOC-2-2603-000767,2144720
FKSCLG,LOC-2-2603-000768,8765250
FKSCLG,LOC-2-2603-000769,3217320
FKSCLG,LOC-2-2603-000770,3909750
FKSCLG,LOC-2-2603-000773,3350400
FKSCLG,LOC-2-2603-000774,1947900
FKSCLG,LOC-2-2603-000775,4192200
FKSCLG,LOC-2-2603-000776,3951080
FKSCLG,LOC-2-2603-000777,4131920
FKSCLG,LOC-2-2603-000778,2783820
FKSCLG,LOC-2-2603-000779,2706420
FKSCLG,LOC-2-2603-000780,2856920
FKSCLG,LOC-2-2603-000786,5389200
FKSCLG,LOC-2-2603-000787,5405400
FKSCLG,LOC-2-2603-000788,3000000
FKSCLG,LOC-2-2603-000791,3001400
FKSCLG,LOC-2-2603-000792,3037520
FKSCLG,LOC-2-2603-000793,5850000
FKSCLG,LOC-2-2603-000794,2264380
FKSCLG,LOC-2-2603-000795,2064210
FKSCLG,LOC-2-2603-000796,1754620
FKSCLG,LOC-2-2603-000797,1735530
FKSCLG,LOC-2-2603-000798,1931410
FKSCLG,LOC-2-2603-000799,4600000
FKSCLG,LOC-2-2603-000800,2733940
FKSCLG,LOC-2-2603-000801,2524100
FKSCLG,LOC-2-2603-000802,2717600
FKSCLG,LOC-2-2603-000803,2646220
FKSCLG,LOC-2-2603-000804,2604080
FKSCLG,LOC-2-2603-000805,1872220
FKSCLG,LOC-2-2603-000806,2377040
FKSCLG,LOC-2-2603-000807,2068300
FKSCLG,LOC-2-2603-000808,2143120
FKSCLG,LOC-2-2603-000809,4282620
FKSCLG,LOC-2-2603-000810,3997660
FKSCLG,LOC-2-2603-000811,4364820
FKSCLG,LOC-2-2603-000812,4194940
FKSCLG,LOC-2-2603-000813,4129180
FKSCLG,LOC-2-2603-000814,4564840
FKSCLG,LOC-2-2603-000816,4216860
FKSCLG,LOC-2-2603-000818,4011360
FKSCLG,LOC-2-2603-000819,4071640
FKSCLG,LOC-2-2603-000820,4022320
FKSCLG,LOC-2-2603-000821,3603100
FKSCLG,LOC-2-2603-000822,4260700
FKSCLG,LOC-2-2603-000823,3397600
FKSCLG,LOC-2-2603-000824,3183880
FKSCLG,LOC-2-2603-000825,3726400
FKSCLG,LOC-2-2603-000826,3482540
FKSCLG,LOC-2-2603-000827,3649680
FKSCLG,LOC-2-2603-000828,3214020
FKSCLG,LOC-2-2603-000829,1947180
FKSCLG,LOC-2-2603-000830,9122100
FKSCLG,LOC-2-2603-000831,9127950
FKSCLG,LOC-2-2603-000832,9241050
FKSCLG,LOC-2-2603-000835,2970000
FKSCLG,LOC-2-2603-000836,2870784
FKSCLG,LOC-2-2603-000837,2026860
FKSCLG,LOC-2-2603-000838,2010260
FKSCLG,LOC-2-2603-000839,2070020
FKSCLG,LOC-2-2603-000840,2019390
FKSCLG,LOC-2-2603-000841,2096680
FKSCLG,LOC-2-2603-000842,2132800
FKSCLG,LOC-2-2603-000843,2228260
FKSCLG,LOC-2-2603-000844,2543880
FKSCLG,LOC-2-2603-000845,1870509
FKSCLG,LOC-2-2603-000846,1177750
FKSCLG,LOC-2-2603-000847,2093000
FKSCLG,LOC-2-2603-000848,2197638.24
FKSCLG,LOC-2-2603-000849,2143890
FKSCLG,LOC-2-2603-000850,2407830
FKSCLG,LOC-2-2603-000851,2046780
FKSCLG,LOC-2-2603-000852,2022710
FKSCLG,LOC-2-2603-000853,2004450
FKSCLG,LOC-2-2603-000854,1967930
FKSCLG,LOC-2-2603-000855,2194520
FKSCLG,LOC-2-2603-000856,2228260
FKSCLG,LOC-2-2603-000857,2150860
FKSCLG,LOC-2-2603-000858,2069160
FKSCLG,LOC-2-2603-000859,2321140
FKSCLG,LOC-2-2603-000860,2970000
FKSCLG,LOC-2-2603-000861,2970000
FKSCLG,LOC-2-2603-000862,2695840
FKSCLG,LOC-2-2603-000863,2536480
FKSCLG,LOC-2-2603-000864,2652240
FKSCLG,LOC-2-2603-000865,2387910
FKSCLG,LOC-2-2603-000866,2542290
FKSCLG,LOC-2-2603-000867,2410320
FKSCLG,LOC-2-2603-000868,2584620
FKSCLG,LOC-2-2603-000869,2441860
FKSCLG,LOC-2-2603-000870,2494150
FKSCLG,LOC-2-2603-000871,2424430
FKSCLG,LOC-2-2603-000872,2382100
FKSCLG,LOC-2-2603-000873,2510750
FKSCLG,LOC-2-2603-000874,1861690
FKSCLG,LOC-2-2603-000875,2716740
FKSCLG,LOC-2-2603-000876,2695240
FKSCLG,LOC-2-2603-000877,2605800
FKSCLG,LOC-2-2603-000878,2653100
FKSCLG,LOC-2-2603-000879,2493140
FKSCLG,LOC-2-2603-000880,2587740
FKSCLG,LOC-2-2603-000881,2560220
FKSCLG,LOC-2-2603-000882,2613540
FKSCLG,LOC-2-2603-000883,2593760
FKSCLG,LOC-2-2603-000884,2606660
FKSCLG,LOC-2-2603-000885,2539580
FKSCLG,LOC-2-2603-000886,2470780
FKSCLG,LOC-2-2603-000887,2526680
FKSCLG,LOC-2-2603-000888,1941880
FKSCLG,LOC-2-2603-000889,2740820
FKSCLG,LOC-2-2603-000890,1582000
FKSCLG,LOC-2-2603-000891,1582000
FKSCLG,LOC-2-2603-000892,1582000
FKSCLG,LOC-2-2603-000894,900000
FKSCLG,LOC-2-2603-000895,900000
FKSCLG,LOC-2-2603-000896,900000
FKSCLG,LOC-2-2603-000897,900000
FKSCLG,LOC-2-2603-000898,1000000
FKSCLG,LOC-2-2603-000899,900000
FKSCLG,LOC-2-2603-000903,6102006
FKSCLG,LOC-2-2603-000904,6102702
FKSCLG,LOC-2-2603-000905,6104964
FKSCLG,LOC-2-2603-000906,6105312
FKSCLG,LOC-2-2603-000907,3920000
FKSCLG,LOC-2-2603-000908,3920000
FKSCLG,LOC-2-2603-000909,3920000
FKSCLG,LOC-2-2603-000919,900000
FKSCLG,LOC-2-2603-000920,900000
FKSCLG,LOC-2-2603-000921,1000000
FKSCLG,LOC-2-2603-000922,1000000
FKSCLG,LOC-2-2603-000923,6447222
FKSCLG,LOC-2-2603-000924,6451746
FKSCLG,LOC-2-2603-000925,6462882
FKSCLG,LOC-2-2603-000926,6450528
FKSCLG,LOC-2-2603-000927,6448788
FKSCLG,LOC-2-2603-000928,2100000
FKSCLG,LOC-2-2603-000929,900000
FKSCLG,LOC-2-2603-000930,900000
FKSCLG,LOC-2-2603-000931,1650000
FKSCLG,LOC-2-2603-000933,1430000
FKSCLG,LOC-2-2603-000934,900000
FKSCLG,LOC-2-2603-000935,900000
FKSCLG,LOC-2-2603-000936,900000
FKSCLG,LOC-2-2603-000938,6463926
FKSCLG,LOC-2-2603-000939,6448614
FKSCLG,LOC-2-2603-000940,6449136
FKSCLG,LOC-2-2603-000941,6453834
FKSCLG,LOC-2-2603-000942,6450006
FKSCLG,LOC-2-2603-000943,6457836
FKSCLG,LOC-2-2603-000945,4144000
FKSCLG,LOC-2-2603-000946,4144000
FKSCLG,LOC-2-2603-000947,4144000
FKSCLG,LOC-2-2603-000949,3248100
FKSCLG,LOC-2-2603-000950,1395310
FKSCLG,LOC-2-2603-000951,2928300
FKSCLG,LOC-2-2603-000952,2155160
FKSCLG,LOC-2-2603-000953,7396200
FKSCLG,LOC-2-2603-000954,12472480
FKSCLG,LOC-2-2603-000955,4600000
FKSCLG,LOC-2-2603-000957,2000000
FKSCLG,LOC-2-2603-000958,2070000
FKSCLG,LOC-2-2603-000959,2070000
FKSCLG,LOC-2-2603-000965,1650000
FKSCLG,LOC-2-2603-000966,900000
FKSCLG,LOC-2-2603-000967,900000
FKSCLG,LOC-2-2603-000968,900000
FKSCLG,LOC-2-2603-000971,4144000
FKSCLG,LOC-2-2603-000972,4144000
FKSCLG,LOC-2-2603-000973,4144000
FKSCLG,LOC-2-2603-000974,4144000
FKSCLG,LOC-2-2603-000975,6456444
FKSCLG,LOC-2-2603-000976,6450702
FKSCLG,LOC-2-2603-000977,6463056
FKSCLG,LOC-2-2603-000978,6455052
FKSCLG,LOC-2-2603-000979,11500000
FKSCLG,LOC-2-2603-000982,2200000
FKSCLG,LOC-2-2603-000984,1900000
FKSCLG,LOC-2-2603-000985,2970000
FKSCLG,LOC-2-2603-000986,2970000
FKSCLG,LOC-2-2603-000987,2970000
FKSCLG,LOC-2-2603-000991,1575000
FKSCLG,LOC-2-2603-000993,6790000
FKSCLG,LOC-2-2603-000994,3737000
FKSCLG,LOC-2-2603-000995,3737000
FKSCLG,LOC-2-2603-000996,6453834
FKSCLG,LOC-2-2603-000997,6448788
FKSCLG,LOC-2-2603-000998,6102528
FKSCLG,LOC-2-2603-000999,4144000
FKSCLG,LOC-2-2603-001000,4144000
FKSCLG,LOC-2-2603-001001,4144000
FKSCLG,LOC-2-2603-001002,3360000
FKSCLG,LOC-2-2603-001003,1740000
FKSCLG,LOC-2-2603-001004,900000
FKSCLG,LOC-2-2603-001005,900000
FKSCLG,LOC-2-2603-001006,1000000
FKSCLG,LOC-2-2603-001007,1470000
FKSCLG,LOC-2-2603-001022,2000000
FKSCLG,LOC-2-2603-001023,2000000
FKSCLG,LOC-2-2603-001024,6335000
FKSCLG,LOC-2-2603-001025,6790000
FKSCLG,LOC-2-2603-001026,6790000
FKSCLG,LOC-2-2603-001030,4144000
FKSCLG,LOC-2-2603-001031,4144000
FKSCLG,LOC-2-2603-001032,4144000
FKSCLG,LOC-2-2603-001033,4144000
FKSCLG,LOC-2-2603-001034,4144000
FKSCLG,LOC-2-2603-001035,4144000
FKSCLG,LOC-2-2603-001038,6449484
FKSCLG,LOC-2-2603-001039,6456966
FKSCLG,LOC-2-2603-001040,6450876
FKSCLG,LOC-2-2603-001041,6465144
FKSCLG,LOC-2-2603-001042,3737000
FKSCLG,LOC-2-2603-001045,3737000
FKSCLG,LOC-2-2603-001046,3737000
FKSCLG,LOC-2-2603-001047,1320000
FKSCLG,LOC-2-2603-001048,900000
FKSCLG,LOC-2-2603-001049,900000
FKSCLG,LOC-2-2603-001050,900000
FKSCLG,LOC-2-2603-001055,2970000
FKSCLG,LOC-2-2603-001056,2970000
FKSCLG,LOC-2-2603-001057,6335000
FKSCLG,LOC-2-2603-001066,3010000
FKSCLG,LOC-2-2603-001067,4165000
FKSCLG,LOC-2-2603-001074,4144000
FKSCLG,LOC-2-2603-001075,4144000
FKSCLG,LOC-2-2603-001076,4144000
FKSCLG,LOC-2-2603-001077,3584000
FKSCLG,LOC-2-2603-001078,4144000
FKSCLG,LOC-2-2603-001079,4144000
FKSCLG,LOC-2-2603-001080,4144000
FKSCLG,LOC-2-2603-001081,1400000
FKSCLG,LOC-2-2603-001084,2970000
FKSCLG,LOC-2-2603-001085,2970000
FKSCLG,LOC-2-2603-001086,1925000
FKSCLG,LOC-2-2603-001087,900000
FKSCLG,LOC-2-2603-001088,900000
FKSCLG,LOC-2-2603-001089,900000
FKSCLG,LOC-2-2603-001090,2200000
FKSCLG,LOC-2-2603-001097,3737000
FKSCLG,LOC-2-2603-001098,3737000
FKSCLG,LOC-2-2603-001099,2450000
FKSCLG,LOC-2-2603-001100,5234790
FKSCLG,LOC-2-2603-001101,5231310
FKSCLG,LOC-2-2603-001102,5230614
FKSCLG,LOC-2-2603-001104,6453834
FKSCLG,LOC-2-2603-001105,1300000
FKSCLG,LOC-2-2603-001106,4144000
FKSCLG,LOC-2-2603-001107,1820000
FKSCLG,LOC-2-2603-001108,4440000
FKSCLG,LOC-2-2603-001109,4567500
FKSCLG,LOC-2-2603-001112,6557655
FKSCLG,LOC-2-2603-001113,1720000
FKSCLG,LOC-2-2603-001114,4600000
FKSCLG,LOC-2-2603-001115,4360000
FKSCLG,LOC-2-2603-001116,6448266
FKSCLG,LOC-2-2603-001117,6449310
FKSCLG,LOC-2-2603-001118,6449484
FKSCLG,LOC-2-2603-001119,6467754
FKSCLG,LOC-2-2603-001120,4144000
FKSCLG,LOC-2-2603-001121,4144000
FKSCLG,LOC-2-2603-001122,4144000
FKSCLG,LOC-2-2603-001123,4144000
FKSCLG,LOC-2-2603-001124,4144000
FKSCLG,LOC-2-2603-001125,4144000
FKSCLG,LOC-2-2603-001126,4144000
FKSCLG,LOC-2-2603-001127,4144000
FKSCLG,LOC-2-2603-001128,4144000
FKSCLG,LOC-2-2603-001130,4144000
FKSCLG,LOC-2-2603-001131,5715040
FKSCLG,LOC-2-2603-001141,5229744
FKSCLG,LOC-2-2603-001142,5241924
FKSCLG,LOC-2-2603-001143,3360000
FKSCLG,LOC-2-2603-001144,5230092
FKSCLG,LOC-2-2603-001145,5236008
FKSCLG,LOC-2-2603-001146,5229396
FKSCLG,LOC-2-2603-001147,5230440
FKSCLG,LOC-2-2603-001148,5230962
FKSCLG,LOC-2-2603-001149,5229918
FKSCLG,LOC-2-2603-001150,5229222
FKSCLG,LOC-2-2603-001151,5232702
FKSCLG,LOC-2-2603-001153,6104094
FKSCLG,LOC-2-2603-001154,6100266
FKSCLG,LOC-2-2603-001155,6105660
FKSCLG,LOC-2-2603-001156,6103572
FKSCLG,LOC-2-2603-001157,6103398
FKSCLG,LOC-2-2603-001158,2450000
FKSCLG,LOC-2-2603-001159,900000
FKSCLG,LOC-2-2603-001160,900000
FKSCLG,LOC-2-2603-001161,900000
FKSCLG,LOC-2-2603-001162,900000
FKSCLG,LOC-2-2603-001164,4144000
FKSCLG,LOC-2-2603-001165,3920000
FKSCLG,LOC-2-2603-001166,3920000
FKSCLG,LOC-2-2603-001167,4144000
FKSCLG,LOC-2-2603-001168,6452964
FKSCLG,LOC-2-2603-001169,6448092
FKSCLG,LOC-2-2603-001174,1400000
FKSCLG,LOC-2-2603-001177,6107400
FKSCLG,LOC-2-2603-001181,2634420
FKSCLG,LOC-2-2603-001182,2665960
FKSCLG,LOC-2-2603-001183,2585450
FKSCLG,LOC-2-2603-001184,2743400
FKSCLG,LOC-2-2603-001185,2698680
FKSCLG,LOC-2-2603-001186,2873376
FKSCLG,LOC-2-2603-001191,4334680
FKSCLG,LOC-2-2603-001192,4340160
FKSCLG,LOC-2-2603-001193,3740100
FKSCLG,LOC-2-2603-001194,4414140
FKSCLG,LOC-2-2603-001195,3578440
FKSCLG,LOC-2-2603-001196,3551040
FKSCLG,LOC-2-2603-001197,3822300
FKSCLG,LOC-2-2603-001198,4173020
FKSCLG,LOC-2-2603-001199,4247000
FKSCLG,LOC-2-2603-001200,4345640
FKSCLG,LOC-2-2603-001201,4156580
FKSCLG,LOC-2-2603-001202,4279880
FKSCLG,LOC-2-2603-001203,4096300
FKSCLG,LOC-2-2603-001204,4310020
FKSCLG,LOC-2-2603-001205,3893540
FKSCLG,LOC-2-2603-001206,3896280
FKSCLG,LOC-2-2603-001207,4142880
FKSCLG,LOC-2-2603-001208,4630600
FKSCLG,LOC-2-2603-001209,4077120
FKSCLG,LOC-2-2603-001210,4162060
FKSCLG,LOC-2-2603-001211,4030540
FKSCLG,LOC-2-2603-001212,4540180
FKSCLG,LOC-2-2603-001213,4605940
FKSCLG,LOC-2-2603-001214,4710060
FKSCLG,LOC-2-2603-001215,4756640
FKSCLG,LOC-2-2603-001216,4471680
FKSCLG,LOC-2-2603-001217,4488120
FKSCLG,LOC-2-2603-001218,4811440
FKSCLG,LOC-2-2603-001219,3570220
FKSCLG,LOC-2-2603-001220,4712800
FKSCLG,LOC-2-2603-001221,4803220
FKSCLG,LOC-2-2603-001223,4526480
FKSCLG,LOC-2-2603-001224,4995020
FKSCLG,LOC-2-2603-001225,4586760
FKSCLG,LOC-2-2603-001226,4647040
FKSCLG,LOC-2-2603-001227,4381260
FKSCLG,LOC-2-2603-001228,4329200
FKSCLG,LOC-2-2603-001229,3581180
FKSCLG,LOC-2-2603-001230,2808060
FKSCLG,LOC-2-2603-001231,3215040
FKSCLG,LOC-2-2603-001232,3159960
FKSCLG,LOC-2-2603-001233,3120180
FKSCLG,LOC-2-2603-001234,3233400
FKSCLG,LOC-2-2603-001235,3180360
FKSCLG,LOC-2-2603-001236,3132420
FKSCLG,LOC-2-2603-001237,3179340
FKSCLG,LOC-2-2603-001238,3121200
FKSCLG,LOC-2-2603-001239,3123240
FKSCLG,LOC-2-2603-001240,3140580
FKSCLG,LOC-2-2603-001241,3149760
FKSCLG,LOC-2-2603-001242,2973300
FKSCLG,LOC-2-2603-001243,3098760
FKSCLG,LOC-2-2603-001244,3343560
FKSCLG,LOC-2-2603-001245,3073260
FKSCLG,LOC-2-2603-001246,2961060
FKSCLG,LOC-2-2603-001247,3245640
FKSCLG,LOC-2-2603-001248,3172200
FKSCLG,LOC-2-2603-001249,3179340
FKSCLG,LOC-2-2603-001250,3152820
FKSCLG,LOC-2-2603-001251,2658120
FKSCLG,LOC-2-2603-001252,2339200
FKSCLG,LOC-2-2603-001253,5076400
FKSCLG,LOC-2-2603-001254,5087600
FKSCLG,LOC-2-2603-001255,8609250
FKSCLG,LOC-2-2603-001257,8587800
FKSCLG,LOC-2-2603-001258,8700900
FKSCLG,LOC-2-2603-001259,7544550
FKSCLG,LOC-2-2603-001261,2538140
FKSCLG,LOC-2-2603-001262,2484190
FKSCLG,LOC-2-2603-001263,2496640
FKSCLG,LOC-2-2603-001264,2536480
FKSCLG,LOC-2-2603-001265,2540630
FKSCLG,LOC-2-2603-001266,2514070
FKSCLG,LOC-2-2603-001267,2338940
FKSCLG,LOC-2-2603-001268,2537310
FKSCLG,LOC-2-2603-001269,2742320
FKSCLG,LOC-2-2603-001274,8761350
FKSCLG,LOC-2-2603-001275,3646940
FKSCLG,LOC-2-2603-001276,2136420
FKSCLG,LOC-2-2603-001277,2387080
FKSCLG,LOC-2-2603-001279,3584000
FKSCLG,LOC-2-2603-001280,3584000
FKSCLG,LOC-2-2603-001289,3731520
FKSCLG,LOC-2-2603-001291,3920000
FKSCLG,LOC-2-2604-000001,4144000
FKSCLG,LOC-2-2604-000002,4144000
FKSCLG,LOC-2-2604-000003,4144000
FKSCLG,LOC-2-2604-000004,4144000
FKSCLG,LOC-2-2604-000005,4144000
FKSCLG,LOC-2-2604-000006,4144000
FKSCLG,LOC-2-2604-000007,4144000
FKSCLG,LOC-2-2604-000008,4144000
FKSCLG,LOC-2-2604-000009,4144000
FKSCLG,LOC-2-2604-000010,6447222
FKSCLG,LOC-2-2604-000011,6113664
FKSCLG,LOC-2-2604-000012,6106356
FKSCLG,LOC-2-2604-000013,5229570
FKSCLG,LOC-2-2604-000014,5231310
FKSCLG,LOC-2-2604-000015,3737000
FKSCLG,LOC-2-2604-000016,1740000
FKSCLG,LOC-2-2604-000017,1365000
FKSCLG,LOC-2-2604-000018,900000
FKSCLG,LOC-2-2604-000019,900000
FKSCLG,LOC-2-2604-000020,900000
FKSCLG,LOC-2-2604-000021,1000000
FKSCLG,LOC-2-2604-000024,2350000
FKSCLG,LOC-2-2604-000025,1825600
FKSCLG,LOC-2-2604-000027,2970000
FKSCLG,LOC-2-2604-000028,2970000
FKSCLG,LOC-2-2604-000031,1900000
FKSCLG,LOC-2-2604-000032,3225000
FKSCLG,LOC-2-2604-000033,2350000
FKSCLG,LOC-2-2604-000034,3225000
FKSCLG,LOC-2-2604-000038,1000000
FKSCLG,LOC-2-2604-000043,1300000
FKSCLG,LOC-2-2604-000044,900000
FKSCLG,LOC-2-2604-000045,1000000
FKSCLG,LOC-2-2604-000047,4144000
FKSCLG,LOC-2-2604-000048,4144000
FKSCLG,LOC-2-2604-000050,6463752
FKSCLG,LOC-2-2604-000051,6455052
FKSCLG,LOC-2-2604-000054,5232876
FKSCLG,LOC-2-2604-000055,4144000
FKSCLG,LOC-2-2604-000056,4144000
FKSCLG,LOC-2-2604-000057,4144000
FKSCLG,LOC-2-2604-000058,4144000
FKSCLG,LOC-2-2604-000059,4144000
FKSCLG,LOC-2-2604-000060,3737000
FKSCLG,LOC-2-2604-000061,1740000
FKSCLG,LOC-2-2604-000065,5969376
FKSCLG,LOC-2-2604-000080,3050000
FKSCLG,LOC-2-2604-000090,5230614
FKSCLG,LOC-2-2604-000091,6448614
FKSCLG,LOC-2-2604-000092,6451572
FKSCLG,LOC-2-2604-000094,4144000
FKSCLG,LOC-2-2604-000095,4144000
FKSCLG,LOC-2-2604-000096,4144000
FKSCLG,LOC-2-2604-000097,4144000
FKSCLG,LOC-2-2604-000098,4144000
FKSCLG,LOC-2-2604-000099,4144000
FKSCLG,LOC-2-2604-000100,4144000
FKSCLG,LOC-2-2604-000101,4144000
FKSCLG,LOC-2-2604-000102,4144000
FKSCLG,LOC-2-2604-000103,4144000
FKSCLG,LOC-2-2604-000104,3737000
FKSCLG,LOC-2-2604-000105,11500000
FKSCLG,LOC-2-2604-000106,3225000
FKSCLG,LOC-2-2604-000107,3225000
FKSCLG,LOC-2-2604-000111,2970000
FKSCLG,LOC-2-2604-000127,4144000
FKSCLG,LOC-2-2604-000128,4144000
FKSCLG,LOC-2-2604-000129,4144000
FKSCLG,LOC-2-2604-000130,4144000
FKSCLG,LOC-2-2604-000131,4144000
FKSCLG,LOC-2-2604-000132,3737000
FKSCLG,LOC-2-2604-000133,4144000
FKSCLG,LOC-2-2604-000134,4144000
FKSCLG,LOC-2-2604-000135,4144000
FKSCLG,LOC-2-2604-000136,4144000
FKSCLG,LOC-2-2604-000137,4144000
FKSCLG,LOC-2-2604-000138,4144000
FKSCLG,LOC-2-2604-000139,6467928
FKSCLG,LOC-2-2604-000140,6449484
FKSCLG,LOC-2-2604-000141,6452790
FKSCLG,LOC-2-2604-000143,3225000
FKSCLG,LOC-2-2604-000148,2200000
FKSCLG,LOC-2-2604-000149,2300000
FKSCLG,LOC-2-2604-000154,6454356
FKSCLG,LOC-2-2604-000155,6450528
FKSCLG,LOC-2-2604-000159,6335000
FKSCLG,LOC-2-2604-000160,1190000
FKSCLG,LOC-2-2604-000165,5239662
FKSCLG,LOC-2-2604-000168,4144000
FKSCLG,LOC-2-2604-000169,4144000
FKSCLG,LOC-2-2604-000170,4144000
FKSCLG,LOC-2-2604-000171,4144000
FKSCLG,LOC-2-2604-000172,4144000
FKSCLG,LOC-2-2604-000173,4144000
FKSCLG,LOC-2-2604-000174,6449484
FKSCLG,LOC-2-2604-000175,6449136
FKSCLG,LOC-2-2604-000176,4144000
FKSCLG,LOC-2-2604-000177,4144000
FKSCLG,LOC-2-2604-000178,4144000
FKSCLG,LOC-2-2604-000179,1190000
FKSCLG,LOC-2-2604-000180,6450528
FKSCLG,LOC-2-2604-000184,2970000
FKSCLG,LOC-2-2604-000186,1000000
FKSCLG,LOC-2-2604-000190,1890000
FKSCLG,LOC-2-2604-000191,3915000
FKSCLG,LOC-2-2604-000211,6451224
FKSCLG,LOC-2-2604-000212,6454878
FKSCLG,LOC-2-2604-000213,6452442
FKSCLG,LOC-2-2604-000214,4144000
FKSCLG,LOC-2-2604-000215,4144000
FKSCLG,LOC-2-2604-000216,4144000
FKSCLG,LOC-2-2604-000217,4144000
FKSCLG,LOC-2-2604-000218,4144000
FKSCLG,LOC-2-2604-000219,4144000
FKSCLG,LOC-2-2604-000220,6017328
FKSCLG,LOC-2-2604-000221,4144000
FKSCLG,LOC-2-2604-000222,4144000
FKSCLG,LOC-2-2604-000223,4144000
FKSCLG,LOC-2-2604-000224,4144000
FKSCLG,LOC-2-2604-000225,3901760
FKSCLG,LOC-2-2604-000226,4175760
FKSCLG,LOC-2-2604-000227,4101780
FKSCLG,LOC-2-2604-000228,4271660
FKSCLG,LOC-2-2604-000229,4118220
FKSCLG,LOC-2-2604-000230,3953820
FKSCLG,LOC-2-2604-000231,3945600
FKSCLG,LOC-2-2604-000232,4734720
FKSCLG,LOC-2-2604-000233,4559360
FKSCLG,LOC-2-2604-000234,3471580
FKSCLG,LOC-2-2604-000235,4488120
FKSCLG,LOC-2-2604-000236,4496340
FKSCLG,LOC-2-2604-000237,4992280
FKSCLG,LOC-2-2604-000238,4299060
FKSCLG,LOC-2-2604-000239,4463460
FKSCLG,LOC-2-2604-000240,4814180
FKSCLG,LOC-2-2604-000241,4447020
FKSCLG,LOC-2-2604-000242,3562000
FKSCLG,LOC-2-2604-000243,3663380
FKSCLG,LOC-2-2604-000244,3378420
FKSCLG,LOC-2-2604-000245,3786680
FKSCLG,LOC-2-2604-000246,4320980
FKSCLG,LOC-2-2604-000248,2346940
FKSCLG,LOC-2-2604-000249,2641890
FKSCLG,LOC-2-2604-000250,2245980
FKSCLG,LOC-2-2604-000251,2449330
FKSCLG,LOC-2-2604-000252,2424430
FKSCLG,LOC-2-2604-000253,2626120
FKSCLG,LOC-2-2604-000254,2558890
FKSCLG,LOC-2-2604-000255,3031440
FKSCLG,LOC-2-2604-000256,3117120
FKSCLG,LOC-2-2604-000257,3088560
FKSCLG,LOC-2-2604-000258,3122220
FKSCLG,LOC-2-2604-000259,3121200
FKSCLG,LOC-2-2604-000260,3096720
FKSCLG,LOC-2-2604-000261,2626950
FKSCLG,LOC-2-2604-000264,4360000
FKSCLG,LOC-2-2604-000266,9937824
FKSCLG,LOC-2-2604-000267,3010000
FKSCLG,LOC-2-2604-000276,4830000
FKSCLG,LOC-2-2604-000277,2834580
FKSCLG,LOC-2-2604-000282,2970000
FKSCLG,LOC-2-2604-000285,2360520
FKSCLG,LOC-2-2604-000286,2239340
FKSCLG,LOC-2-2604-000287,2348900
FKSCLG,LOC-2-2604-000288,2461780
FKSCLG,LOC-2-2604-000292,2986560
FKSCLG,LOC-2-2604-000295,4120960
FKSCLG,LOC-2-2604-000296,4041500
FKSCLG,LOC-2-2604-000300,4000400
FKSCLG,LOC-2-2604-000301,4063420
FKSCLG,LOC-2-2604-000302,4142880
FKSCLG,LOC-2-2604-000305,3918200
FKSCLG,LOC-2-2604-000307,3934640
FKSCLG,LOC-2-2604-000316,4144000
FKSCLG,LOC-2-2604-000317,4144000
FKSCLG,LOC-2-2604-000318,4144000
FKSCLG,LOC-2-2604-000319,4144000
FKSCLG,LOC-2-2604-000320,4144000
FKSCLG,LOC-2-2604-000321,6448440
FKSCLG,LOC-2-2604-000322,6447744
FKSCLG,LOC-2-2604-000323,6465666
FKSCLG,LOC-2-2604-000324,6454008
FKSCLG,LOC-2-2604-000328,4144000
FKSCLG,LOC-2-2604-000329,4144000
FKSCLG,LOC-2-2604-000331,3063281
FKSCLG,LOC-2-2604-000332,3094821
FKSCLG,LOC-2-2604-000348,4144000
FKSCLG,LOC-2-2604-000349,4144000
FKSCLG,LOC-2-2604-000350,4144000
FKSCLG,LOC-2-2604-000351,6452790
FKSCLG,LOC-2-2604-000352,6460620
FKSCLG,LOC-2-2604-000353,6449310
FKSCLG,LOC-2-2604-000354,6465318
FKSCLG,LOC-2-2604-000355,6451050
FKSCLG,LOC-2-2604-000369,4144000
FKSCLG,LOC-2-2604-000370,4144000
FKSCLG,LOC-2-2604-000380,4144000
FKSCLG,LOC-2-2604-000390,6451050
FKSCLG,LOC-2-2604-000391,6458184
FKSCLG,LOC-2-2604-000392,6462360
FKSCLG,LOC-2-2604-000393,6450006
FKSCLG,LOC-2-2604-000394,6454704
FKSCLG,LOC-2-2604-000395,6451746
FKSCLG,LOC-2-2604-000396,4144000
FKSCLG,LOC-2-2604-000397,4144000
FKSCLG,LOC-2-2604-000398,4144000
FKSCLG,LOC-2-2604-000399,4144000
FKSCLG,LOC-2-2604-000400,4144000
FKSCLG,LOC-2-2604-000401,4144000
FKSCLG,LOC-2-2604-000402,4144000
FKSCLG,LOC-2-2604-000403,4144000
FKSCLG,LOC-2-2604-000404,3737000
FKSCLG,LOC-2-2604-000405,2302090
FKSCLG,LOC-2-2604-000407,2970000
FKSCLG,LOC-2-2604-000409,2000000
FKSCLG,LOC-2-2604-000419,3225000
FKSCLG,LOC-2-2604-000420,3225000
FKSCLG,LOC-2-2604-000429,4144000
FKSCLG,LOC-2-2604-000430,4144000
FKSCLG,LOC-2-2604-000431,4144000
FKSCLG,LOC-2-2604-000432,4144000
FKSCLG,LOC-2-2604-000433,4144000
FKSCLG,LOC-2-2604-000434,4144000
FKSCLG,LOC-2-2604-000435,4144000
FKSCLG,LOC-2-2604-000436,4144000
FKSCLG,LOC-2-2604-000437,3737000
FKSCLG,LOC-2-2604-000438,6449658
FKSCLG,LOC-2-2604-000439,6463752
FKSCLG,LOC-2-2604-000440,6454008
FKSCLG,LOC-2-2604-000446,5549440
FKSCLG,LOC-2-2604-000447,10049600
FKSCLG,LOC-2-2604-000448,9933000
FKSCLG,LOC-2-2604-000455,4600000
FKSCLG,LOC-2-2604-000469,1740000
FKSCLG,LOC-2-2604-000470,4384000
FKSCLG,LOC-2-2604-000471,4230560
FKSCLG,LOC-2-2604-000472,3534600
FKSCLG,LOC-2-2604-000473,3742840
FKSCLG,LOC-2-2604-000474,3572960
FKSCLG,LOC-2-2604-000475,3718180
FKSCLG,LOC-2-2604-000476,4257960
FKSCLG,LOC-2-2604-000477,3485280
FKSCLG,LOC-2-2604-000503,2973600
FKSCLG,LOC-2-2604-000504,3920000
FKSCLG,LOC-2-2604-000508,10027600
FKSCLG,LOC-2-2604-000515,2728780
FKSCLG,LOC-2-2604-000516,2578280
FKSCLG,LOC-2-2604-000517,2523240
FKSCLG,LOC-2-2604-000529,4600000
FKSCLG,LOC-2-2604-000542,4144000
FKSCLG,LOC-2-2604-000543,4144000
FKSCLG,LOC-2-2604-000545,6335000
FKSCLG,LOC-2-2604-000546,6335000
FKSCLG,LOC-2-2604-000552,3737000
FKSCLG,LOC-2-2604-000555,4144000
FKSCLG,LOC-2-2604-000556,6450528
FKSCLG,LOC-2-2604-000557,6448614
FKSCLG,LOC-2-2604-000558,6450180
FKSCLG,LOC-2-2604-000562,4144000
FKSCLG,LOC-2-2604-000563,4144000
FKSCLG,LOC-2-2604-000565,4144000
FKSCLG,LOC-2-2604-000567,1740000
FKSCLG,LOC-2-2604-000577,2000000
FKSCLG,LOC-2-2604-000578,1400000
FKSCLG,LOC-2-2604-000584,2970000
FKSCLG,LOC-2-2604-000596,1740000
FKSCLG,LOC-2-2604-000599,4144000
FKSCLG,LOC-2-2604-000600,4144000
FKSCLG,LOC-2-2604-000601,4144000
FKSCLG,LOC-2-2604-000602,4144000
FKSCLG,LOC-2-2604-000603,4144000
FKSCLG,LOC-2-2604-000606,6458010
FKSCLG,LOC-2-2604-000612,3737000
FKSCLG,LOC-2-2604-000617,3150000
FKSCLG,LOC-2-2604-000618,3150000
FKSCLG,LOC-2-2604-000625,2730000
FKSCLG,LOC-2-2604-000630,3053700
FKSCLG,LOC-2-2604-000633,3737000
FKSCLG,LOC-2-2604-000634,3737000
FKSCLG,LOC-2-2604-000637,4144000
FKSCLG,LOC-2-2604-000638,4144000
FKSCLG,LOC-2-2604-000640,4144000
FKSSBY,LOC-1-2507-000414,750000
FKSSBY,LOC-1-2507-000663,2152632
FKSSBY,LOC-1-2507-000664,2126108
FKSSBY,LOC-1-2507-000667,2267104
FKSSBY,LOC-1-2507-000670,2204284
FKSSBY,LOC-1-2507-000671,2214056
FKSSBY,LOC-1-2507-000673,2325038
FKSSBY,LOC-1-2507-000675,2248258
FKSSBY,LOC-1-2507-000676,2217546
FKSSBY,LOC-1-2507-000677,2214056
FKSSBY,LOC-1-2507-000678,2258728
FKSSBY,LOC-1-2507-000684,2216848
FKSSBY,LOC-1-2507-000685,2188230
FKSSBY,LOC-1-2507-000686,2123316
FKSSBY,LOC-1-2507-000687,2063986
FKSSBY,LOC-1-2507-000688,2112846
FKSSBY,LOC-1-2507-000689,2193814
FKSSBY,LOC-1-2507-000690,2197304
FKSSBY,LOC-1-2507-000692,2212660
FKSSBY,LOC-1-2507-000693,2188230
FKSSBY,LOC-1-2507-000694,2409496
FKSSBY,LOC-1-2507-000695,2112148
FKSSBY,LOC-1-2507-000696,2200794
FKSSBY,LOC-1-2507-000697,2223130
FKSSBY,LOC-1-2507-000698,2141464
FKSSBY,LOC-1-2507-000699,2161706
FKSSBY,LOC-1-2507-000700,2126108
FKSSBY,LOC-1-2507-000701,2221036
FKSSBY,LOC-1-2507-000702,2123316
FKSSBY,LOC-1-2507-000703,2089114
FKSSBY,LOC-1-2507-000734,2196606
FKSSBY,LOC-1-2507-001619,750000
FKSSBY,LOC-1-2507-001710,1708704
FKSSBY,LOC-1-2507-001711,1652166
FKSSBY,LOC-1-2507-001712,1645186
FKSSBY,LOC-1-2507-001713,1625642
FKSSBY,LOC-1-2507-001714,1646582
FKSSBY,LOC-1-2507-001716,1583762
FKSSBY,LOC-1-2507-001717,2189626
FKSSBY,LOC-1-2507-001718,2204284
FKSSBY,LOC-1-2507-001719,2233600
FKSSBY,LOC-1-2507-001720,2188928
FKSSBY,LOC-1-2507-001721,2225922
FKSSBY,LOC-1-2507-001722,2147746
FKSSBY,LOC-1-2507-001723,2179854
FKSSBY,LOC-1-2507-001724,2156820
FKSSBY,LOC-1-2507-001725,2214754
FKSSBY,LOC-1-2507-001727,469800
FKSSBY,LOC-1-2507-001728,473700
FKSSBY,LOC-1-2507-001729,459300
FKSSBY,LOC-1-2507-001730,471300
FKSSBY,LOC-1-2507-001731,463200
FKSSBY,LOC-1-2507-001747,464100
FKSSBY,LOC-1-2507-001748,462600
FKSSBY,LOC-1-2507-001750,466800
FKSSBY,LOC-1-2507-001751,462300
FKSSBY,LOC-1-2507-001752,459900
FKSSBY,LOC-1-2507-001778,465600
FKSSBY,LOC-1-2507-001779,458100
FKSSBY,LOC-1-2507-001780,458700
FKSSBY,LOC-1-2507-001781,466200
FKSSBY,LOC-1-2507-001807,1971850
FKSSBY,LOC-1-2507-001808,460500
FKSSBY,LOC-1-2507-001809,463500
FKSSBY,LOC-1-2507-001810,470100
FKSSBY,LOC-1-2507-001811,465000
FKSSBY,LOC-1-2507-001812,466200
FKSSBY,LOC-1-2507-001813,420300
FKSSBY,LOC-1-2508-000158,750000
FKSSBY,LOC-1-2508-000159,750000
FKSSBY,LOC-1-2508-000192,1372140
FKSSBY,LOC-1-2508-000193,1403820
FKSSBY,LOC-1-2508-000194,1396890
FKSSBY,LOC-1-2508-000195,1432035
FKSSBY,LOC-1-2508-000196,1388475
FKSSBY,LOC-1-2508-000234,1233045
FKSSBY,LOC-1-2508-000235,1257795
FKSSBY,LOC-1-2508-000236,1304325
FKSSBY,LOC-1-2508-000237,1178595
FKSSBY,LOC-1-2508-000238,1138500
FKSSBY,LOC-1-2508-000590,750000
FKSSBY,LOC-1-2508-001127,899360
FKSSBY,LOC-1-2508-001128,813680
FKSSBY,LOC-1-2508-001129,816480
FKSSBY,LOC-1-2508-001130,847280
FKSSBY,LOC-1-2508-001131,827120
FKSSBY,LOC-1-2508-001132,820400
FKSSBY,LOC-1-2508-001133,799120
FKSSBY,LOC-1-2508-001134,740320
FKSSBY,LOC-1-2508-001135,808640
FKSSBY,LOC-1-2508-001136,758800
FKSSBY,LOC-1-2508-001137,736400
FKSSBY,LOC-1-2508-001138,809760
FKSSBY,LOC-1-2508-001139,820960
FKSSBY,LOC-1-2508-001140,787920
FKSSBY,LOC-1-2508-001141,877520
FKSSBY,LOC-1-2508-001150,802480
FKSSBY,LOC-1-2508-001151,794080
FKSSBY,LOC-1-2508-001152,817040
FKSSBY,LOC-1-2508-001154,820400
FKSSBY,LOC-1-2508-001155,790160
FKSSBY,LOC-1-2508-001156,756560
FKSSBY,LOC-1-2508-001157,794080
FKSSBY,LOC-1-2508-001158,759360
FKSSBY,LOC-1-2508-001159,772240
FKSSBY,LOC-1-2508-001160,854000
FKSSBY,LOC-1-2508-001161,766080
FKSSBY,LOC-1-2508-001162,773920
FKSSBY,LOC-1-2508-001163,789040
FKSSBY,LOC-1-2508-001164,740880
FKSSBY,LOC-1-2508-001165,810320
FKSSBY,LOC-1-2508-001166,764960
FKSSBY,LOC-1-2508-001167,794640
FKSSBY,LOC-1-2508-001168,782320
FKSSBY,LOC-1-2508-001169,798000
FKSSBY,LOC-1-2508-001170,740880
FKSSBY,LOC-1-2508-001171,787920
FKSSBY,LOC-1-2508-001172,838320
FKSSBY,LOC-1-2508-001173,777280
FKSSBY,LOC-1-2508-001174,771680
FKSSBY,LOC-1-2508-001175,772240
FKSSBY,LOC-1-2508-001176,789040
FKSSBY,LOC-1-2508-001177,789600
FKSSBY,LOC-1-2508-001178,803040
FKSSBY,LOC-1-2508-001179,741440
FKSSBY,LOC-1-2508-001180,744240
FKSSBY,LOC-1-2508-001181,791840
FKSSBY,LOC-1-2508-001182,911120
FKSSBY,LOC-1-2508-001183,885360
FKSSBY,LOC-1-2508-001184,906080
FKSSBY,LOC-1-2508-001185,785120
FKSSBY,LOC-1-2508-001186,805840
FKSSBY,LOC-1-2508-001187,798560
FKSSBY,LOC-1-2508-001188,770000
FKSSBY,LOC-1-2508-001189,804160
FKSSBY,LOC-1-2508-001190,753760
FKSSBY,LOC-1-2508-001191,812560
FKSSBY,LOC-1-2508-001192,778960
FKSSBY,LOC-1-2508-001193,792960
FKSSBY,LOC-1-2508-001194,832160
FKSSBY,LOC-1-2508-001195,766640
FKSSBY,LOC-1-2508-001196,716240
FKSSBY,LOC-1-2508-001197,715120
FKSSBY,LOC-1-2508-001198,704480
FKSSBY,LOC-1-2508-001199,854000
FKSSBY,LOC-1-2508-001200,838320
FKSSBY,LOC-1-2508-001201,789040
FKSSBY,LOC-1-2508-001202,850640
FKSSBY,LOC-1-2508-001203,768320
FKSSBY,LOC-1-2508-001204,790720
FKSSBY,LOC-1-2508-001205,766080
FKSSBY,LOC-1-2508-001206,715680
FKSSBY,LOC-1-2508-001207,778960
FKSSBY,LOC-1-2508-001208,829920
FKSSBY,LOC-1-2508-001209,846160
FKSSBY,LOC-1-2508-001210,774480
FKSSBY,LOC-1-2508-001211,735840
FKSSBY,LOC-1-2508-001212,796320
FKSSBY,LOC-1-2508-001213,838880
FKSSBY,LOC-1-2508-001214,722400
FKSSBY,LOC-1-2508-001215,784000
FKSSBY,LOC-1-2508-001216,759920
FKSSBY,LOC-1-2508-001217,834400
FKSSBY,LOC-1-2508-001218,843360
FKSSBY,LOC-1-2508-001220,804160
FKSSBY,LOC-1-2508-001221,807520
FKSSBY,LOC-1-2508-001222,782880
FKSSBY,LOC-1-2508-001223,781760
FKSSBY,LOC-1-2508-001224,775600
FKSSBY,LOC-1-2508-001225,767200
FKSSBY,LOC-1-2508-001226,839440
FKSSBY,LOC-1-2508-001227,825440
FKSSBY,LOC-1-2508-001228,710640
FKSSBY,LOC-1-2508-001229,841680
FKSSBY,LOC-1-2508-001230,832720
FKSSBY,LOC-1-2508-001231,832160
FKSSBY,LOC-1-2508-001232,791280
FKSSBY,LOC-1-2508-001233,672000
FKSSBY,LOC-1-2508-001234,688240
FKSSBY,LOC-1-2508-001235,795200
FKSSBY,LOC-1-2508-001236,768320
FKSSBY,LOC-1-2508-001237,894880
FKSSBY,LOC-1-2508-001238,722960
FKSSBY,LOC-1-2508-001239,738640
FKSSBY,LOC-1-2508-001240,884800
FKSSBY,LOC-1-2508-001241,806960
FKSSBY,LOC-1-2508-001242,798560
FKSSBY,LOC-1-2508-001243,832720
FKSSBY,LOC-1-2508-001244,798000
FKSSBY,LOC-1-2508-001245,796320
FKSSBY,LOC-1-2508-001246,810880
FKSSBY,LOC-1-2508-001247,763280
FKSSBY,LOC-1-2508-001248,770000
FKSSBY,LOC-1-2508-001249,869680
FKSSBY,LOC-1-2508-001250,773920
FKSSBY,LOC-1-2508-001251,679840
FKSSBY,LOC-1-2508-001252,684880
FKSSBY,LOC-1-2508-001253,812000
FKSSBY,LOC-1-2508-001254,770560
FKSSBY,LOC-1-2508-001255,730800
FKSSBY,LOC-1-2508-001256,733600
FKSSBY,LOC-1-2508-001257,796880
FKSSBY,LOC-1-2508-001258,769440
FKSSBY,LOC-1-2508-001259,806960
FKSSBY,LOC-1-2508-001260,739200
FKSSBY,LOC-1-2508-001261,621040
FKSSBY,LOC-1-2508-001262,717360
FKSSBY,LOC-1-2508-001263,753200
FKSSBY,LOC-1-2508-001264,790160
FKSSBY,LOC-1-2508-001265,795760
FKSSBY,LOC-1-2508-001266,831040
FKSSBY,LOC-1-2508-001267,851200
FKSSBY,LOC-1-2508-001268,894320
FKSSBY,LOC-1-2508-001269,866880
FKSSBY,LOC-1-2508-001270,813680
FKSSBY,LOC-1-2508-001271,784000
FKSSBY,LOC-1-2508-001272,811440
FKSSBY,LOC-1-2508-001273,689920
FKSSBY,LOC-1-2508-001274,735840
FKSSBY,LOC-1-2508-001275,791840
FKSSBY,LOC-1-2508-001276,720720
FKSSBY,LOC-1-2508-001277,792960
FKSSBY,LOC-1-2508-001278,760480
FKSSBY,LOC-1-2508-001386,900000
FKSSBY,LOC-1-2509-000020,900000
FKSSBY,LOC-1-2509-000266,900000
FKSSBY,LOC-1-2509-000525,750000
FKSSBY,LOC-1-2509-001228,750000
FKSSBY,LOC-1-2509-002311,5240000
FKSSBY,LOC-1-2509-002312,5216000
FKSSBY,LOC-1-2509-002313,4782400
FKSSBY,LOC-1-2509-002314,5006400
FKSSBY,LOC-1-2509-002315,5302400
FKSSBY,LOC-1-2509-002316,4916800
FKSSBY,LOC-1-2509-002317,4984000
FKSSBY,LOC-1-2509-002318,4788800
FKSSBY,LOC-1-2509-002319,5171200
FKSSBY,LOC-1-2509-002320,5032000
FKSSBY,LOC-1-2509-002321,4817600
FKSSBY,LOC-1-2509-002322,4980800
FKSSBY,LOC-1-2509-002323,4771200
FKSSBY,LOC-1-2509-002324,3787200
FKSSBY,LOC-1-2509-002325,5025600
FKSSBY,LOC-1-2509-002326,5212800
FKSSBY,LOC-1-2509-002327,4800000
FKSSBY,LOC-1-2509-002418,5025600
FKSSBY,LOC-1-2509-002419,5956800
FKSSBY,LOC-1-2509-002420,6126400
FKSSBY,LOC-1-2509-002466,5001600
FKSSBY,LOC-1-2509-002467,4971200
FKSSBY,LOC-1-2510-000269,750000
FKSSBY,LOC-1-2511-000028,750000
FKSSBY,LOC-1-2511-000338,5062400
FKSSBY,LOC-1-2511-000339,5164800
FKSSBY,LOC-1-2511-000340,5036800
FKSSBY,LOC-1-2511-000341,5259200
FKSSBY,LOC-1-2511-000342,5017600
FKSSBY,LOC-1-2511-000343,5355200
FKSSBY,LOC-1-2511-000344,5105600
FKSSBY,LOC-1-2511-000345,5201600
FKSSBY,LOC-1-2511-000346,5348800
FKSSBY,LOC-1-2511-000347,5022400
FKSSBY,LOC-1-2511-000348,5496000
FKSSBY,LOC-1-2511-000349,5150400
FKSSBY,LOC-1-2511-000350,4878400
FKSSBY,LOC-1-2511-000351,5227200
FKSSBY,LOC-1-2511-000352,5212800
FKSSBY,LOC-1-2511-000353,5107200
FKSSBY,LOC-1-2511-000354,5289600
FKSSBY,LOC-1-2511-000355,5209600
FKSSBY,LOC-1-2511-000356,5337600
FKSSBY,LOC-1-2511-000357,5025600
FKSSBY,LOC-1-2511-000358,5304000
FKSSBY,LOC-1-2511-000378,5268800
FKSSBY,LOC-1-2511-000379,5124800
FKSSBY,LOC-1-2511-000380,5283200
FKSSBY,LOC-1-2511-000381,5179200
FKSSBY,LOC-1-2511-000382,5113600
FKSSBY,LOC-1-2511-000383,5304000
FKSSBY,LOC-1-2511-000384,5067200
FKSSBY,LOC-1-2511-000385,5299200
FKSSBY,LOC-1-2511-000386,5203200
FKSSBY,LOC-1-2511-000387,5225600
FKSSBY,LOC-1-2511-000388,5366400
FKSSBY,LOC-1-2511-000403,5112000
FKSSBY,LOC-1-2511-000404,5123200
FKSSBY,LOC-1-2511-000405,5019200
FKSSBY,LOC-1-2511-000406,5331200
FKSSBY,LOC-1-2511-000407,5214400
FKSSBY,LOC-1-2511-000408,4854400
FKSSBY,LOC-1-2511-000409,5171200
FKSSBY,LOC-1-2511-000410,5067200
FKSSBY,LOC-1-2512-000069,1801929
FKSSBY,LOC-1-2512-000070,1804188
FKSSBY,LOC-1-2512-000071,1825272
FKSSBY,LOC-1-2512-000072,1901325
FKSSBY,LOC-1-2512-000073,1897560
FKSSBY,LOC-1-2512-000074,1884759
FKSSBY,LOC-1-2512-000075,1790634
FKSSBY,LOC-1-2512-000076,1877229
FKSSBY,LOC-1-2512-000957,4943400
FKSSBY,LOC-1-2512-001038,1913617.2
FKSSBY,LOC-1-2512-001039,1918542.56
FKSSBY,LOC-1-2512-001087,1931436.5399999998
FKSSBY,LOC-1-2512-001088,1868906.16
FKSSBY,LOC-1-2512-001089,4943400
FKSSBY,LOC-1-2512-001145,1395355.5000000002
FKSSBY,LOC-1-2512-001146,1403209.4999999998
FKSSBY,LOC-1-2512-001215,1388111.9999999998
FKSSBY,LOC-1-2512-001216,1064184
FKSSBY,LOC-1-2512-001217,4397800
FKSSBY,LOC-1-2512-001219,4396700
FKSSBY,LOC-1-2512-001278,1536150
FKSSBY,LOC-1-2512-001279,1198560
FKSSBY,LOC-1-2512-001331,1316634
FKSSBY,LOC-1-2512-001348,1762794
FKSSBY,LOC-1-2512-001349,1810006
FKSSBY,LOC-1-2512-001350,1780658
FKSSBY,LOC-1-2512-001351,1773002
FKSSBY,LOC-1-2512-001352,1791504
FKSSBY,LOC-1-2512-001353,1766622
FKSSBY,LOC-1-2512-001391,1762156
FKSSBY,LOC-1-2512-001392,1827870
FKSSBY,LOC-1-2512-001393,1806816
FKSSBY,LOC-1-2512-001394,1745568
FKSSBY,LOC-1-2512-001396,1792780
FKSSBY,LOC-1-2512-001397,1791504
FKSSBY,LOC-1-2512-001398,1799798
FKSSBY,LOC-1-2512-001399,1773002
FKSSBY,LOC-1-2512-001400,1746844
FKSSBY,LOC-1-2512-001401,1748120
FKSSBY,LOC-1-2512-001402,1771726
FKSSBY,LOC-1-2512-001403,1808092
FKSSBY,LOC-1-2512-001404,1820214
FKSSBY,LOC-1-2512-001405,1780658
FKSSBY,LOC-1-2512-001406,1782572
FKSSBY,LOC-1-2512-001407,1796608
FKSSBY,LOC-1-2512-001408,1757690
FKSSBY,LOC-1-2512-001409,1785762
FKSSBY,LOC-1-2512-001410,1724514
FKSSBY,LOC-1-2512-001411,1743654
FKSSBY,LOC-1-2512-001412,1790866
FKSSBY,LOC-1-2512-001413,1813834
FKSSBY,LOC-1-2512-001414,1804264
FKSSBY,LOC-1-2512-001415,1778744
FKSSBY,LOC-1-2512-001416,1810644
FKSSBY,LOC-1-2512-001417,1801712
FKSSBY,LOC-1-2512-001418,1797884
FKSSBY,LOC-1-2512-001419,1788314
FKSSBY,LOC-1-2512-001420,1813196
FKSSBY,LOC-1-2512-001421,1801712
FKSSBY,LOC-1-2512-001422,1750672
FKSSBY,LOC-1-2512-001436,1760242
FKSSBY,LOC-1-2601-000020,1450878
FKSSBY,LOC-1-2601-000395,1871892
FKSSBY,LOC-1-2601-001226,4939000
FKSSBY,LOC-1-2601-001388,1832999.52
FKSSBY,LOC-1-2601-001616,1878616.52
FKSSBY,LOC-1-2601-001718,1794445.18
FKSSBY,LOC-1-2601-002073,1871892
FKSSBY,LOC-1-2601-002110,1775924.0399999998
FKSSBY,LOC-1-2601-002111,1319208
FKSSBY,LOC-1-2601-002172,1787650.4799999997
FKSSBY,LOC-1-2601-002272,1887912.18
FKSSBY,LOC-1-2602-000115,420000
FKSSBY,LOC-1-2602-000119,660000
FKSSBY,LOC-1-2602-000199,665000
FKSSBY,LOC-1-2602-000274,470000
FKSSBY,LOC-1-2602-000317,860000
FKSSBY,LOC-1-2602-000318,185000
FKSSBY,LOC-1-2602-000356,655000
FKSSBY,LOC-1-2602-000357,900000
FKSSBY,LOC-1-2602-000359,125000
FKSSBY,LOC-1-2602-000360,660000
FKSSBY,LOC-1-2602-000388,860000
FKSSBY,LOC-1-2602-000389,179500
FKSSBY,LOC-1-2602-000390,665000
FKSSBY,LOC-1-2602-000422,615000
FKSSBY,LOC-1-2602-000423,505000
FKSSBY,LOC-1-2602-000425,470000
FKSSBY,LOC-1-2602-000426,125000
FKSSBY,LOC-1-2602-000427,125000
FKSSBY,LOC-1-2602-000428,328000
FKSSBY,LOC-1-2602-000464,615000
FKSSBY,LOC-1-2602-000465,950000
FKSSBY,LOC-1-2602-000466,328000
FKSSBY,LOC-1-2602-000486,276500
FKSSBY,LOC-1-2602-000487,185000
FKSSBY,LOC-1-2602-000526,470000
FKSSBY,LOC-1-2602-000527,675000
FKSSBY,LOC-1-2602-000528,665000
FKSSBY,LOC-1-2602-000529,690000
FKSSBY,LOC-1-2602-000530,179500
FKSSBY,LOC-1-2602-000578,185000
FKSSBY,LOC-1-2602-000579,900000
FKSSBY,LOC-1-2602-000608,179500
FKSSBY,LOC-1-2602-000609,328000
FKSSBY,LOC-1-2602-000612,1799453.4799999997
FKSSBY,LOC-1-2602-000613,1833199.852
FKSSBY,LOC-1-2602-000623,125000
FKSSBY,LOC-1-2602-000624,125000
FKSSBY,LOC-1-2602-000626,125000
FKSSBY,LOC-1-2602-000627,420000
FKSSBY,LOC-1-2602-000628,660000
FKSSBY,LOC-1-2602-000629,660000
FKSSBY,LOC-1-2602-000650,3144000
FKSSBY,LOC-1-2602-000651,3134400
FKSSBY,LOC-1-2602-000652,3180000
FKSSBY,LOC-1-2602-000653,3182400
FKSSBY,LOC-1-2602-000654,3216000
FKSSBY,LOC-1-2602-000655,3285600
FKSSBY,LOC-1-2602-000656,3064800
FKSSBY,LOC-1-2602-000657,3218400
FKSSBY,LOC-1-2602-000658,3165600
FKSSBY,LOC-1-2602-000659,3127200
FKSSBY,LOC-1-2602-000661,3223200
FKSSBY,LOC-1-2602-000662,3050400
FKSSBY,LOC-1-2602-000663,3163200
FKSSBY,LOC-1-2602-000664,3242400
FKSSBY,LOC-1-2602-000665,3134400
FKSSBY,LOC-1-2602-000666,3232800
FKSSBY,LOC-1-2602-000667,3103200
FKSSBY,LOC-1-2602-000668,3074400
FKSSBY,LOC-1-2602-000669,3213600
FKSSBY,LOC-1-2602-000670,3206400
FKSSBY,LOC-1-2602-000671,3156000
FKSSBY,LOC-1-2602-000672,3151200
FKSSBY,LOC-1-2602-000673,3014400
FKSSBY,LOC-1-2602-000674,3108000
FKSSBY,LOC-1-2602-000675,3228000
FKSSBY,LOC-1-2602-000676,3148800
FKSSBY,LOC-1-2602-000677,3206400
FKSSBY,LOC-1-2602-000678,3048000
FKSSBY,LOC-1-2602-000679,675000
FKSSBY,LOC-1-2602-000680,3225600
FKSSBY,LOC-1-2602-000681,3252000
FKSSBY,LOC-1-2602-000682,3240000
FKSSBY,LOC-1-2602-000683,3218400
FKSSBY,LOC-1-2602-000684,3345600
FKSSBY,LOC-1-2602-000685,3026400
FKSSBY,LOC-1-2602-000686,3427200
FKSSBY,LOC-1-2602-000687,3204000
FKSSBY,LOC-1-2602-000688,3129600
FKSSBY,LOC-1-2602-000689,3240000
FKSSBY,LOC-1-2602-000690,3312000
FKSSBY,LOC-1-2602-000691,3384000
FKSSBY,LOC-1-2602-000692,3088800
FKSSBY,LOC-1-2602-000693,3223200
FKSSBY,LOC-1-2602-000694,3396000
FKSSBY,LOC-1-2602-000695,3434400
FKSSBY,LOC-1-2602-000696,721740
FKSSBY,LOC-1-2602-000697,733470
FKSSBY,LOC-1-2602-000698,879405
FKSSBY,LOC-1-2602-000699,806265
FKSSBY,LOC-1-2602-000700,842835
FKSSBY,LOC-1-2602-000701,894240
FKSSBY,LOC-1-2602-000702,895965
FKSSBY,LOC-1-2602-000703,792465
FKSSBY,LOC-1-2602-000704,804540
FKSSBY,LOC-1-2602-000705,844905
FKSSBY,LOC-1-2602-000707,3352800
FKSSBY,LOC-1-2602-000708,3393600
FKSSBY,LOC-1-2602-000709,3153600
FKSSBY,LOC-1-2602-000710,3384000
FKSSBY,LOC-1-2602-000711,3146400
FKSSBY,LOC-1-2602-000712,3470400
FKSSBY,LOC-1-2602-000713,3086400
FKSSBY,LOC-1-2602-000714,3235200
FKSSBY,LOC-1-2602-000715,276500
FKSSBY,LOC-1-2602-000723,125000
FKSSBY,LOC-1-2602-000724,610000
FKSSBY,LOC-1-2602-000725,470000
FKSSBY,LOC-1-2602-000726,600000
FKSSBY,LOC-1-2602-000727,125000
FKSSBY,LOC-1-2602-000729,3304800
FKSSBY,LOC-1-2602-000732,1783701.26
FKSSBY,LOC-1-2602-000786,900000
FKSSBY,LOC-1-2602-000787,675000
FKSSBY,LOC-1-2602-000788,950000
FKSSBY,LOC-1-2602-000789,505000
FKSSBY,LOC-1-2602-000790,675000
FKSSBY,LOC-1-2602-000791,675000
FKSSBY,LOC-1-2602-000792,270000
FKSSBY,LOC-1-2602-000793,470000
FKSSBY,LOC-1-2602-000794,420000
FKSSBY,LOC-1-2602-000795,328000
FKSSBY,LOC-1-2602-000802,1805686.7399999998
FKSSBY,LOC-1-2602-000803,1285232
FKSSBY,LOC-1-2602-000804,1272800
FKSSBY,LOC-1-2602-000805,1550448
FKSSBY,LOC-1-2602-000806,1618528
FKSSBY,LOC-1-2602-000807,1431456
FKSSBY,LOC-1-2602-000808,761760
FKSSBY,LOC-1-2602-000809,881820
FKSSBY,LOC-1-2602-000810,844905
FKSSBY,LOC-1-2602-000811,847320
FKSSBY,LOC-1-2602-000812,869745
FKSSBY,LOC-1-2602-000823,765555
FKSSBY,LOC-1-2602-000824,785910
FKSSBY,LOC-1-2602-000825,860775
FKSSBY,LOC-1-2602-000826,8442522
FKSSBY,LOC-1-2602-000827,8814927
FKSSBY,LOC-1-2602-000828,8732394
FKSSBY,LOC-1-2602-000830,1451584
FKSSBY,LOC-1-2602-000831,1427904
FKSSBY,LOC-1-2602-000832,1444480
FKSSBY,LOC-1-2602-000839,1411328
FKSSBY,LOC-1-2602-000840,1416656
FKSSBY,LOC-1-2602-000841,1404816
FKSSBY,LOC-1-2602-000842,1429680
FKSSBY,LOC-1-2602-000843,1543936
FKSSBY,LOC-1-2602-000845,1341472
FKSSBY,LOC-1-2602-000846,1320752
FKSSBY,LOC-1-2602-000847,1395344
FKSSBY,LOC-1-2602-000848,1382320
FKSSBY,LOC-1-2602-000849,1409552
FKSSBY,LOC-1-2602-000850,1398896
FKSSBY,LOC-1-2602-000851,1412512
FKSSBY,LOC-1-2602-000852,1365152
FKSSBY,LOC-1-2602-000853,1382912
FKSSBY,LOC-1-2602-000854,1464016
FKSSBY,LOC-1-2602-000856,1259776
FKSSBY,LOC-1-2602-000857,1413104
FKSSBY,LOC-1-2602-000858,1399488
FKSSBY,LOC-1-2602-000859,1318384
FKSSBY,LOC-1-2602-000860,1211824
FKSSBY,LOC-1-2602-000863,675000
FKSSBY,LOC-1-2602-000864,125000
FKSSBY,LOC-1-2602-000865,470000
FKSSBY,LOC-1-2602-000866,470000
FKSSBY,LOC-1-2602-000867,832830
FKSSBY,LOC-1-2602-000868,817305
FKSSBY,LOC-1-2602-000869,828690
FKSSBY,LOC-1-2602-000870,823860
FKSSBY,LOC-1-2602-000871,780045
FKSSBY,LOC-1-2602-000873,960825
FKSSBY,LOC-1-2602-000874,948405
FKSSBY,LOC-1-2602-000875,940125
FKSSBY,LOC-1-2602-000876,805575
FKSSBY,LOC-1-2602-000877,878715
FKSSBY,LOC-1-2602-000878,1065015
FKSSBY,LOC-1-2602-000879,1127805
FKSSBY,LOC-1-2602-000880,1058460
FKSSBY,LOC-1-2602-000881,1142985
FKSSBY,LOC-1-2602-000882,1040175
FKSSBY,LOC-1-2602-000883,1121595
FKSSBY,LOC-1-2602-000884,1060875
FKSSBY,LOC-1-2602-000885,1091925
FKSSBY,LOC-1-2602-000886,998085
FKSSBY,LOC-1-2602-000887,1012920
FKSSBY,LOC-1-2602-000888,1051905
FKSSBY,LOC-1-2602-000889,1038105
FKSSBY,LOC-1-2602-000890,994290
FKSSBY,LOC-1-2602-000891,1075365
FKSSBY,LOC-1-2602-000892,1090545
FKSSBY,LOC-1-2602-000893,1108485
FKSSBY,LOC-1-2602-000894,1080885
FKSSBY,LOC-1-2602-000895,967035
FKSSBY,LOC-1-2602-000896,966345
FKSSBY,LOC-1-2602-000897,1019820
FKSSBY,LOC-1-2602-000898,1066395
FKSSBY,LOC-1-2602-000899,1078125
FKSSBY,LOC-1-2602-000900,1000500
FKSSBY,LOC-1-2602-000901,988770
FKSSBY,LOC-1-2602-000902,1085370
FKSSBY,LOC-1-2602-000903,1020165
FKSSBY,LOC-1-2602-000904,997050
FKSSBY,LOC-1-2602-000905,1007400
FKSSBY,LOC-1-2602-000906,445000
FKSSBY,LOC-1-2602-000907,185000
FKSSBY,LOC-1-2602-000908,823860
FKSSBY,LOC-1-2602-000909,852840
FKSSBY,LOC-1-2602-000910,786255
FKSSBY,LOC-1-2602-000911,863880
FKSSBY,LOC-1-2602-000912,903555
FKSSBY,LOC-1-2602-000913,276500
FKSSBY,LOC-1-2602-000914,615000
FKSSBY,LOC-1-2602-000915,848700
FKSSBY,LOC-1-2602-000916,445000
FKSSBY,LOC-1-2602-000917,860000
FKSSBY,LOC-1-2602-000918,470000
FKSSBY,LOC-1-2602-000919,125000
FKSSBY,LOC-1-2602-000920,1370480
FKSSBY,LOC-1-2602-000921,1378768
FKSSBY,LOC-1-2602-000922,1494800
FKSSBY,LOC-1-2602-000923,1283456
FKSSBY,LOC-1-2602-000925,1391792
FKSSBY,LOC-1-2602-000926,1341472
FKSSBY,LOC-1-2602-000927,1473488
FKSSBY,LOC-1-2602-000928,1332592
FKSSBY,LOC-1-2602-000929,1325488
FKSSBY,LOC-1-2602-000930,1489472
FKSSBY,LOC-1-2602-000931,1314832
FKSSBY,LOC-1-2602-000932,1466384
FKSSBY,LOC-1-2602-000933,815580
FKSSBY,LOC-1-2602-000934,732435
FKSSBY,LOC-1-2602-000935,807645
FKSSBY,LOC-1-2602-000936,762795
FKSSBY,LOC-1-2602-000937,816270
FKSSBY,LOC-1-2602-000998,828800
FKSSBY,LOC-1-2602-000999,883050
FKSSBY,LOC-1-2602-001000,887600
FKSSBY,LOC-1-2602-001001,879550
FKSSBY,LOC-1-2602-001013,1666875
FKSSBY,LOC-1-2602-001014,1840865
FKSSBY,LOC-1-2602-001015,1478224
FKSSBY,LOC-1-2602-001016,1350944
FKSSBY,LOC-1-2602-001017,1406592
FKSSBY,LOC-1-2602-001018,1256816
FKSSBY,LOC-1-2602-001019,1417248
FKSSBY,LOC-1-2602-001020,1436192
FKSSBY,LOC-1-2602-001021,1495984
FKSSBY,LOC-1-2602-001022,1418432
FKSSBY,LOC-1-2602-001023,1335552
FKSSBY,LOC-1-2602-001024,1552224
FKSSBY,LOC-1-2602-001025,1809750
FKSSBY,LOC-1-2602-001026,125000
FKSSBY,LOC-1-2602-001027,125000
FKSSBY,LOC-1-2602-001028,1728470
FKSSBY,LOC-1-2602-001034,1312464
FKSSBY,LOC-1-2602-001035,1284048
FKSSBY,LOC-1-2602-001036,1465792
FKSSBY,LOC-1-2602-001037,1246752
FKSSBY,LOC-1-2602-001038,1300624
FKSSBY,LOC-1-2602-001039,1475264
FKSSBY,LOC-1-2602-001040,1391792
FKSSBY,LOC-1-2602-001041,953580
FKSSBY,LOC-1-2602-001042,900450
FKSSBY,LOC-1-2602-001043,888030
FKSSBY,LOC-1-2602-001044,885270
FKSSBY,LOC-1-2602-001045,842835
FKSSBY,LOC-1-2602-001046,748305
FKSSBY,LOC-1-2602-001047,853185
FKSSBY,LOC-1-2602-001048,819720
FKSSBY,LOC-1-2602-001049,773835
FKSSBY,LOC-1-2602-001050,787980
FKSSBY,LOC-1-2602-001076,540000
FKSSBY,LOC-1-2602-001077,1002225
FKSSBY,LOC-1-2602-001078,938400
FKSSBY,LOC-1-2602-001079,977040
FKSSBY,LOC-1-2602-001080,949440
FKSSBY,LOC-1-2602-001081,906315
FKSSBY,LOC-1-2602-001082,470000
FKSSBY,LOC-1-2602-001128,1040175
FKSSBY,LOC-1-2602-001129,1065015
FKSSBY,LOC-1-2602-001130,1009815
FKSSBY,LOC-1-2602-001131,1040175
FKSSBY,LOC-1-2602-001132,1033620
FKSSBY,LOC-1-2602-001133,1013265
FKSSBY,LOC-1-2602-001134,1024650
FKSSBY,LOC-1-2602-001135,1032585
FKSSBY,LOC-1-2602-001136,1029135
FKSSBY,LOC-1-2602-001137,1015335
FKSSBY,LOC-1-2602-001139,1426128
FKSSBY,LOC-1-2602-001140,1398304
FKSSBY,LOC-1-2602-001141,1486512
FKSSBY,LOC-1-2602-001142,1430864
FKSSBY,LOC-1-2602-001143,1339696
FKSSBY,LOC-1-2602-001189,1353312
FKSSBY,LOC-1-2602-001190,1500128
FKSSBY,LOC-1-2602-001191,1420208
FKSSBY,LOC-1-2602-001192,1496576
FKSSBY,LOC-1-2602-001193,1470528
FKSSBY,LOC-1-2602-001194,821445
FKSSBY,LOC-1-2602-001195,873195
FKSSBY,LOC-1-2602-001196,796605
FKSSBY,LOC-1-2602-001197,744855
FKSSBY,LOC-1-2602-001203,125000
FKSSBY,LOC-1-2602-001314,1619250
FKSSBY,LOC-1-2602-001320,179500
FKSSBY,LOC-1-2602-001321,675000
FKSSBY,LOC-1-2602-001322,445000
FKSSBY,LOC-1-2602-001323,185000
FKSSBY,LOC-1-2602-001349,1005330
FKSSBY,LOC-1-2602-001350,955995
FKSSBY,LOC-1-2602-001351,883200
FKSSBY,LOC-1-2602-001352,1018785
FKSSBY,LOC-1-2602-001353,947370
FKSSBY,LOC-1-2602-001367,1049145
FKSSBY,LOC-1-2602-001368,914250
FKSSBY,LOC-1-2602-001369,951855
FKSSBY,LOC-1-2602-001370,951165
FKSSBY,LOC-1-2602-001371,998085
FKSSBY,LOC-1-2602-001372,1029825
FKSSBY,LOC-1-2602-001376,977730
FKSSBY,LOC-1-2602-001377,1056735
FKSSBY,LOC-1-2602-001378,1077435
FKSSBY,LOC-1-2602-001379,836280
FKSSBY,LOC-1-2602-001380,985665
FKSSBY,LOC-1-2602-001406,1796346.42
FKSSBY,LOC-1-2602-001407,1808544.9799999997
FKSSBY,LOC-1-2602-001409,778665
FKSSBY,LOC-1-2602-001410,773145
FKSSBY,LOC-1-2602-001411,771075
FKSSBY,LOC-1-2602-001412,903900
FKSSBY,LOC-1-2602-001413,821445
FKSSBY,LOC-1-2602-001424,1580515
FKSSBY,LOC-1-2602-001425,1669415
FKSSBY,LOC-1-2602-001426,1614170
FKSSBY,LOC-1-2602-001427,1579245
FKSSBY,LOC-1-2602-001428,1616075
FKSSBY,LOC-1-2602-001444,1611630
FKSSBY,LOC-1-2602-001445,1663700
FKSSBY,LOC-1-2602-001446,1678940
FKSSBY,LOC-1-2602-001447,1635125
FKSSBY,LOC-1-2602-001448,1729105
FKSSBY,LOC-1-2602-001449,1546896
FKSSBY,LOC-1-2602-001460,1074330
FKSSBY,LOC-1-2602-001461,1083990
FKSSBY,LOC-1-2602-001462,1022235
FKSSBY,LOC-1-2602-001463,1065015
FKSSBY,LOC-1-2602-001464,1093995
FKSSBY,LOC-1-2602-001465,470000
FKSSBY,LOC-1-2602-001466,920460
FKSSBY,LOC-1-2602-001468,1090200
FKSSBY,LOC-1-2602-001469,1083300
FKSSBY,LOC-1-2602-001541,470000
FKSSBY,LOC-1-2602-001542,235000
FKSSBY,LOC-1-2602-001554,964600
FKSSBY,LOC-1-2602-001555,940450
FKSSBY,LOC-1-2602-001651,1058805
FKSSBY,LOC-1-2602-001652,1066050
FKSSBY,LOC-1-2602-001653,1142985
FKSSBY,LOC-1-2602-001655,1060875
FKSSBY,LOC-1-2602-001656,1066395
FKSSBY,LOC-1-2602-001657,1065705
FKSSBY,LOC-1-2602-001658,1038795
FKSSBY,LOC-1-2602-001660,1093650
FKSSBY,LOC-1-2602-001661,1037415
FKSSBY,LOC-1-2602-001662,1085025
FKSSBY,LOC-1-2602-001666,1076055
FKSSBY,LOC-1-2602-001667,1074675
FKSSBY,LOC-1-2602-001668,1105380
FKSSBY,LOC-1-2602-001669,1081230
FKSSBY,LOC-1-2602-001671,1070190
FKSSBY,LOC-1-2602-001672,1041555
FKSSBY,LOC-1-2602-001673,1065705
FKSSBY,LOC-1-2602-001674,1076400
FKSSBY,LOC-1-2602-001675,1854200
FKSSBY,LOC-1-2602-001676,1845310
FKSSBY,LOC-1-2602-001677,1819910
FKSSBY,LOC-1-2602-001678,1829435
FKSSBY,LOC-1-2602-001679,1617980
FKSSBY,LOC-1-2602-001680,872160
FKSSBY,LOC-1-2602-001681,913905
FKSSBY,LOC-1-2602-001682,1715135
FKSSBY,LOC-1-2602-001694,1790700
FKSSBY,LOC-1-2602-001705,892860
FKSSBY,LOC-1-2602-001706,843870
FKSSBY,LOC-1-2602-001715,1063980
FKSSBY,LOC-1-2602-001716,1108140
FKSSBY,LOC-1-2602-001717,1086750
FKSSBY,LOC-1-2602-001718,1030860
FKSSBY,LOC-1-2602-001719,1062600
FKSSBY,LOC-1-2602-001720,1096755
FKSSBY,LOC-1-2602-001721,994980
FKSSBY,LOC-1-2602-001722,990495
FKSSBY,LOC-1-2602-001723,979110
FKSSBY,LOC-1-2602-001724,1044660
FKSSBY,LOC-1-2602-001727,929085
FKSSBY,LOC-1-2602-001728,1042935
FKSSBY,LOC-1-2602-001834,655000
FKSSBY,LOC-1-2602-001845,270000
FKSSBY,LOC-1-2602-001846,179500
FKSSBY,LOC-1-2602-001907,675000
FKSSBY,LOC-1-2602-001908,690000
FKSSBY,LOC-1-2602-001909,328000
FKSSBY,LOC-1-2602-001911,932535
FKSSBY,LOC-1-2602-001913,924945
FKSSBY,LOC-1-2602-001914,921840
FKSSBY,LOC-1-2602-001915,843870
FKSSBY,LOC-1-2602-001916,593745
FKSSBY,LOC-1-2602-001918,2451540
FKSSBY,LOC-1-2602-001919,2362620
FKSSBY,LOC-1-2602-001920,2461680
FKSSBY,LOC-1-2602-001921,2381340
FKSSBY,LOC-1-2602-001922,2385240
FKSSBY,LOC-1-2602-001923,2414880
FKSSBY,LOC-1-2602-001924,2354040
FKSSBY,LOC-1-2602-001926,2375880
FKSSBY,LOC-1-2602-001927,2350920
FKSSBY,LOC-1-2602-001928,2440620
FKSSBY,LOC-1-2602-001929,2364960
FKSSBY,LOC-1-2602-001930,2432040
FKSSBY,LOC-1-2602-001931,2524860
FKSSBY,LOC-1-2602-001932,2415660
FKSSBY,LOC-1-2602-001933,2344680
FKSSBY,LOC-1-2602-001934,2234700
FKSSBY,LOC-1-2602-001937,1929130
FKSSBY,LOC-1-2602-001938,1781175
FKSSBY,LOC-1-2602-001939,1854200
FKSSBY,LOC-1-2602-001940,1785620
FKSSBY,LOC-1-2602-001941,854075
FKSSBY,LOC-1-2602-001945,920460
FKSSBY,LOC-1-2602-001946,913905
FKSSBY,LOC-1-2602-001947,939435
FKSSBY,LOC-1-2602-001948,878715
FKSSBY,LOC-1-2602-001949,895965
FKSSBY,LOC-1-2602-001950,831105
FKSSBY,LOC-1-2602-001951,934260
FKSSBY,LOC-1-2602-001952,919425
FKSSBY,LOC-1-2602-001953,941160
FKSSBY,LOC-1-2602-001954,909765
FKSSBY,LOC-1-2602-001955,958410
FKSSBY,LOC-1-2602-001993,888375
FKSSBY,LOC-1-2602-001994,890445
FKSSBY,LOC-1-2602-002040,940815
FKSSBY,LOC-1-2602-002042,942540
FKSSBY,LOC-1-2602-002043,936330
FKSSBY,LOC-1-2602-002044,994980
FKSSBY,LOC-1-2602-002045,932880
FKSSBY,LOC-1-2602-002046,1013955
FKSSBY,LOC-1-2602-002048,1046040
FKSSBY,LOC-1-2602-002049,1042590
FKSSBY,LOC-1-2602-002050,979800
FKSSBY,LOC-1-2602-002051,2354820
FKSSBY,LOC-1-2602-002052,2174640
FKSSBY,LOC-1-2602-002055,2360280
FKSSBY,LOC-1-2602-002056,2405520
FKSSBY,LOC-1-2602-002057,2359500
FKSSBY,LOC-1-2602-002058,2352480
FKSSBY,LOC-1-2602-002059,2243280
FKSSBY,LOC-1-2602-002064,2295540
FKSSBY,LOC-1-2602-002065,660000
FKSSBY,LOC-1-2602-002066,610000
FKSSBY,LOC-1-2602-002067,270000
FKSSBY,LOC-1-2602-002068,185000
FKSSBY,LOC-1-2602-002098,1975119
FKSSBY,LOC-1-2602-002101,1844891.8399999999
FKSSBY,LOC-1-2602-002127,1640464.0000000002
FKSSBY,LOC-1-2602-002128,1520960.0000000002
FKSSBY,LOC-1-2602-002166,845940
FKSSBY,LOC-1-2602-002168,843180
FKSSBY,LOC-1-2602-002243,125000
FKSSBY,LOC-1-2602-002244,470000
FKSSBY,LOC-1-2602-002245,470000
FKSSBY,LOC-1-2602-002253,235000
FKSSBY,LOC-1-2602-002254,470000
FKSSBY,LOC-1-2602-002285,328000
FKSSBY,LOC-1-2602-002297,1028445
FKSSBY,LOC-1-2602-002298,987045
FKSSBY,LOC-1-2602-002299,984285
FKSSBY,LOC-1-2602-002301,1016715
FKSSBY,LOC-1-2602-002302,993600
FKSSBY,LOC-1-2602-002303,998085
FKSSBY,LOC-1-2602-002304,1028790
FKSSBY,LOC-1-2602-002305,1047420
FKSSBY,LOC-1-2602-002306,1026375
FKSSBY,LOC-1-2602-002308,2304120
FKSSBY,LOC-1-2602-002309,2243280
FKSSBY,LOC-1-2602-002310,2260440
FKSSBY,LOC-1-2602-002311,2324400
FKSSBY,LOC-1-2602-002312,2363400
FKSSBY,LOC-1-2602-002313,2198820
FKSSBY,LOC-1-2602-002314,2065440
FKSSBY,LOC-1-2602-002340,2076774
FKSSBY,LOC-1-2602-002344,2102376
FKSSBY,LOC-1-2602-002355,1288063
FKSSBY,LOC-1-2602-002378,470000
FKSSBY,LOC-1-2602-002384,1027065
FKSSBY,LOC-1-2602-002385,1052250
FKSSBY,LOC-1-2602-002483,418485
FKSSBY,LOC-1-2602-002484,423315
FKSSBY,LOC-1-2602-002485,976350
FKSSBY,LOC-1-2602-002486,984285
FKSSBY,LOC-1-2602-002497,1268280
FKSSBY,LOC-1-2602-002498,999120
FKSSBY,LOC-1-2602-002499,984285
FKSSBY,LOC-1-2602-002500,957720
FKSSBY,LOC-1-2602-002502,818300
FKSSBY,LOC-1-2602-002513,270000
FKSSBY,LOC-1-2602-002514,675000
FKSSBY,LOC-1-2602-002540,276500
FKSSBY,LOC-1-2602-002541,690000
FKSSBY,LOC-1-2602-002542,276500
FKSSBY,LOC-1-2602-002544,2140026
FKSSBY,LOC-1-2602-002546,2148309
FKSSBY,LOC-1-2602-002547,2114424
FKSSBY,LOC-1-2602-002548,2125719
FKSSBY,LOC-1-2602-002549,2115930
FKSSBY,LOC-1-2602-002550,2098611
FKSSBY,LOC-1-2602-002553,675000
FKSSBY,LOC-1-2602-002554,125000
FKSSBY,LOC-1-2602-002555,185000
FKSSBY,LOC-1-2602-002597,2078280
FKSSBY,LOC-1-2602-002598,2035359
FKSSBY,LOC-1-2602-002646,276500
FKSSBY,LOC-1-2602-002647,470000
FKSSBY,LOC-1-2602-002648,470000
FKSSBY,LOC-1-2602-002649,185000
FKSSBY,LOC-1-2602-002650,125000
FKSSBY,LOC-1-2602-002701,2049666
FKSSBY,LOC-1-2602-002702,2103129
FKSSBY,LOC-1-2602-002703,2115930
FKSSBY,LOC-1-2602-002704,2092587
FKSSBY,LOC-1-2602-002705,2076021
FKSSBY,LOC-1-2602-002706,2109906
FKSSBY,LOC-1-2602-002707,2128731
FKSSBY,LOC-1-2602-002718,2145297
FKSSBY,LOC-1-2602-002756,125000
FKSSBY,LOC-1-2602-002757,125000
FKSSBY,LOC-1-2602-002758,470000
FKSSBY,LOC-1-2602-002882,470000
FKSSBY,LOC-1-2602-002883,470000
FKSSBY,LOC-1-2602-002884,125000
FKSSBY,LOC-1-2602-002925,610000
FKSSBY,LOC-1-2602-002980,125000
FKSSBY,LOC-1-2602-002981,470000
FKSSBY,LOC-1-2603-000040,2103882
FKSSBY,LOC-1-2603-000041,2169393
FKSSBY,LOC-1-2603-000042,2150568
FKSSBY,LOC-1-2603-000043,2246952
FKSSBY,LOC-1-2603-000044,2255988
FKSSBY,LOC-1-2603-000045,2155086
FKSSBY,LOC-1-2603-000046,2201772
FKSSBY,LOC-1-2603-000047,2184453
FKSSBY,LOC-1-2603-000048,2222103
FKSSBY,LOC-1-2603-000049,2195748
FKSSBY,LOC-1-2603-000050,2165628
FKSSBY,LOC-1-2603-000051,2214573
FKSSBY,LOC-1-2603-000052,2207796
FKSSBY,LOC-1-2603-000077,5724972
FKSSBY,LOC-1-2603-000078,5380749
FKSSBY,LOC-1-2603-000079,5608218
FKSSBY,LOC-1-2603-000080,5594127
FKSSBY,LOC-1-2603-000081,5559906
FKSSBY,LOC-1-2603-000082,5610231
FKSSBY,LOC-1-2603-000083,5493477
FKSSBY,LOC-1-2603-000084,5803479
FKSSBY,LOC-1-2603-000085,5658543
FKSSBY,LOC-1-2603-000086,5652504
FKSSBY,LOC-1-2603-000087,5573997
FKSSBY,LOC-1-2603-000088,5662569
FKSSBY,LOC-1-2603-000089,5823609
FKSSBY,LOC-1-2603-000090,5720946
FKSSBY,LOC-1-2603-000091,5733024
FKSSBY,LOC-1-2603-000128,1336160
FKSSBY,LOC-1-2603-000129,1263360
FKSSBY,LOC-1-2603-000130,1413440
FKSSBY,LOC-1-2603-000131,1312640
FKSSBY,LOC-1-2603-000132,1423520
FKSSBY,LOC-1-2603-000133,1316000
FKSSBY,LOC-1-2603-000134,1268960
FKSSBY,LOC-1-2603-000135,1180480
FKSSBY,LOC-1-2603-000136,1311520
FKSSBY,LOC-1-2603-000137,1384320
FKSSBY,LOC-1-2603-000138,5527698
FKSSBY,LOC-1-2603-000139,5519646
FKSSBY,LOC-1-2603-000140,5525685
FKSSBY,LOC-1-2603-000141,5594127
FKSSBY,LOC-1-2603-000142,5553867
FKSSBY,LOC-1-2603-000143,5745102
FKSSBY,LOC-1-2603-000144,5451204
FKSSBY,LOC-1-2603-000145,5408931
FKSSBY,LOC-1-2603-000146,5664582
FKSSBY,LOC-1-2603-000147,5638413
FKSSBY,LOC-1-2603-000148,5561919
FKSSBY,LOC-1-2603-000149,5479386
FKSSBY,LOC-1-2603-000150,5485425
FKSSBY,LOC-1-2603-000151,2238669
FKSSBY,LOC-1-2603-000152,1763687.2
FKSSBY,LOC-1-2603-000179,1196160
FKSSBY,LOC-1-2603-000180,1281280
FKSSBY,LOC-1-2603-000181,1169280
FKSSBY,LOC-1-2603-000182,1283520
FKSSBY,LOC-1-2603-000183,1397760
FKSSBY,LOC-1-2603-000184,1338400
FKSSBY,LOC-1-2603-000185,1225280
FKSSBY,LOC-1-2603-000186,1226400
FKSSBY,LOC-1-2603-000187,1270080
FKSSBY,LOC-1-2603-000188,1244320
FKSSBY,LOC-1-2603-000189,1288000
FKSSBY,LOC-1-2603-000190,1454880
FKSSBY,LOC-1-2603-000191,1247680
FKSSBY,LOC-1-2603-000202,1765288.5799999998
FKSSBY,LOC-1-2603-000204,1383030
FKSSBY,LOC-1-2603-000205,1384515
FKSSBY,LOC-1-2603-000206,1394415
FKSSBY,LOC-1-2603-000207,1364220
FKSSBY,LOC-1-2603-000208,1363725
FKSSBY,LOC-1-2603-000209,1389960
FKSSBY,LOC-1-2603-000220,1347360
FKSSBY,LOC-1-2603-000221,1309280
FKSSBY,LOC-1-2603-000222,1164800
FKSSBY,LOC-1-2603-000223,1266720
FKSSBY,LOC-1-2603-000224,1227520
FKSSBY,LOC-1-2603-000225,2146803
FKSSBY,LOC-1-2603-000226,2134755
FKSSBY,LOC-1-2603-000227,2068491
FKSSBY,LOC-1-2603-000228,2085810
FKSSBY,LOC-1-2603-000229,2178429
FKSSBY,LOC-1-2603-000230,2112918
FKSSBY,LOC-1-2603-000254,1135680
FKSSBY,LOC-1-2603-000255,1201760
FKSSBY,LOC-1-2603-000278,2137014
FKSSBY,LOC-1-2603-000279,1994697
FKSSBY,LOC-1-2603-000280,2089575
FKSSBY,LOC-1-2603-000281,2041383
FKSSBY,LOC-1-2603-000282,2106894
FKSSBY,LOC-1-2603-000283,2085057
FKSSBY,LOC-1-2603-000284,2146803
FKSSBY,LOC-1-2603-000285,2048160
FKSSBY,LOC-1-2603-000286,2042889
FKSSBY,LOC-1-2603-000287,2048913
FKSSBY,LOC-1-2603-000288,1994697
FKSSBY,LOC-1-2603-000289,2063973
FKSSBY,LOC-1-2603-000290,2080539
FKSSBY,LOC-1-2603-000291,2159604
FKSSBY,LOC-1-2603-000292,2109906
FKSSBY,LOC-1-2603-000293,2173158
FKSSBY,LOC-1-2603-000294,2014275
FKSSBY,LOC-1-2603-000295,2162616
FKSSBY,LOC-1-2603-000296,2092587
FKSSBY,LOC-1-2603-000331,2073762
FKSSBY,LOC-1-2603-000332,2112165
FKSSBY,LOC-1-2603-000338,1373120
FKSSBY,LOC-1-2603-000339,1351840
FKSSBY,LOC-1-2603-000417,2069997
FKSSBY,LOC-1-2603-000418,2015781
FKSSBY,LOC-1-2603-000419,2015028
FKSSBY,LOC-1-2603-000420,2003733
FKSSBY,LOC-1-2603-000421,2103882
FKSSBY,LOC-1-2603-000422,2101623
FKSSBY,LOC-1-2603-000423,2041383
FKSSBY,LOC-1-2603-000424,2163369
FKSSBY,LOC-1-2603-000425,2039877
FKSSBY,LOC-1-2603-000426,1977378
FKSSBY,LOC-1-2603-000427,2119695
FKSSBY,LOC-1-2603-000428,2109906
FKSSBY,LOC-1-2603-000429,2113671
FKSSBY,LOC-1-2603-000430,2065479
FKSSBY,LOC-1-2603-000431,2110659
FKSSBY,LOC-1-2603-000432,2073009
FKSSBY,LOC-1-2603-000433,1390455
FKSSBY,LOC-1-2603-000434,1344915
FKSSBY,LOC-1-2603-000435,1400355
FKSSBY,LOC-1-2603-000436,1394415
FKSSBY,LOC-1-2603-000437,1357290
FKSSBY,LOC-1-2603-000438,1407285
FKSSBY,LOC-1-2603-000440,1761409.5399999998
FKSSBY,LOC-1-2603-000500,1353330
FKSSBY,LOC-1-2603-000506,5765232
FKSSBY,LOC-1-2603-000507,5640426
FKSSBY,LOC-1-2603-000508,5658543
FKSSBY,LOC-1-2603-000509,5690751
FKSSBY,LOC-1-2603-000510,5648478
FKSSBY,LOC-1-2603-000511,5614257
FKSSBY,LOC-1-2603-000512,5712894
FKSSBY,LOC-1-2603-000513,5495490
FKSSBY,LOC-1-2603-000514,5630361
FKSSBY,LOC-1-2603-000515,5600166
FKSSBY,LOC-1-2603-000523,2003733
FKSSBY,LOC-1-2603-000524,2025570
FKSSBY,LOC-1-2603-000525,2085810
FKSSBY,LOC-1-2603-000526,2051925
FKSSBY,LOC-1-2603-000527,1953282
FKSSBY,LOC-1-2603-000528,2040630
FKSSBY,LOC-1-2603-000529,1987920
FKSSBY,LOC-1-2603-000530,2048160
FKSSBY,LOC-1-2603-000531,2101623
FKSSBY,LOC-1-2603-000532,2082798
FKSSBY,LOC-1-2603-000533,2109906
FKSSBY,LOC-1-2603-000534,2047407
FKSSBY,LOC-1-2603-000535,2129484
FKSSBY,LOC-1-2603-000536,2068491
FKSSBY,LOC-1-2603-000537,2091834
FKSSBY,LOC-1-2603-000538,2063220
FKSSBY,LOC-1-2603-000539,2069997
FKSSBY,LOC-1-2603-000557,2058702
FKSSBY,LOC-1-2603-000558,2075268
FKSSBY,LOC-1-2603-000559,2006745
FKSSBY,LOC-1-2603-000560,2063220
FKSSBY,LOC-1-2603-000561,1951776
FKSSBY,LOC-1-2603-000562,2011263
FKSSBY,LOC-1-2603-000563,2038371
FKSSBY,LOC-1-2603-000564,2043642
FKSSBY,LOC-1-2603-000565,2029335
FKSSBY,LOC-1-2603-000566,2087316
FKSSBY,LOC-1-2603-000567,2038371
FKSSBY,LOC-1-2603-000568,2018793
FKSSBY,LOC-1-2603-000569,2107647
FKSSBY,LOC-1-2603-000570,2041383
FKSSBY,LOC-1-2603-000571,1994697
FKSSBY,LOC-1-2603-000572,2050419
FKSSBY,LOC-1-2603-000573,2045901
FKSSBY,LOC-1-2603-000576,1270665
FKSSBY,LOC-1-2603-000582,4106250
FKSSBY,LOC-1-2603-000583,4330000
FKSSBY,LOC-1-2603-000584,4000000
FKSSBY,LOC-1-2603-000585,3872500
FKSSBY,LOC-1-2603-000586,4150000
FKSSBY,LOC-1-2603-000587,4268750
FKSSBY,LOC-1-2603-000588,4022500
FKSSBY,LOC-1-2603-000589,4218750
FKSSBY,LOC-1-2603-000590,3951250
FKSSBY,LOC-1-2603-000591,4196250
FKSSBY,LOC-1-2603-000597,1321600
FKSSBY,LOC-1-2603-000598,2079786
FKSSBY,LOC-1-2603-000599,2067738
FKSSBY,LOC-1-2603-000600,2109153
FKSSBY,LOC-1-2603-000601,2051925
FKSSBY,LOC-1-2603-000602,2019546
FKSSBY,LOC-1-2603-000603,2088822
FKSSBY,LOC-1-2603-000604,2021052
FKSSBY,LOC-1-2603-000605,2061714
FKSSBY,LOC-1-2603-000606,2074515
FKSSBY,LOC-1-2603-000607,2059455
FKSSBY,LOC-1-2603-000608,2042136
FKSSBY,LOC-1-2603-000609,2074515
FKSSBY,LOC-1-2603-000610,2057949
FKSSBY,LOC-1-2603-000611,2070750
FKSSBY,LOC-1-2603-000612,2012769
FKSSBY,LOC-1-2603-000613,2050419
FKSSBY,LOC-1-2603-000614,2056443
FKSSBY,LOC-1-2603-000615,1405305
FKSSBY,LOC-1-2603-000619,4283750
FKSSBY,LOC-1-2603-000621,4078750
FKSSBY,LOC-1-2603-000622,4055000
FKSSBY,LOC-1-2603-000623,4037500
FKSSBY,LOC-1-2603-000624,4055000
FKSSBY,LOC-1-2603-000625,4113750
FKSSBY,LOC-1-2603-000628,4285000
FKSSBY,LOC-1-2603-000629,4301250
FKSSBY,LOC-1-2603-000630,4088750
FKSSBY,LOC-1-2603-000631,4516250
FKSSBY,LOC-1-2603-000632,3947500
FKSSBY,LOC-1-2603-000633,4067500
FKSSBY,LOC-1-2603-000634,4256250
FKSSBY,LOC-1-2603-000636,4028750
FKSSBY,LOC-1-2603-000637,4092500
FKSSBY,LOC-1-2603-000640,1285515
FKSSBY,LOC-1-2603-000695,2128160
FKSSBY,LOC-1-2603-000696,2058028
FKSSBY,LOC-1-2603-000697,2171500
FKSSBY,LOC-1-2603-000698,2263696
FKSSBY,LOC-1-2603-000699,2191200
FKSSBY,LOC-1-2603-000700,2161256
FKSSBY,LOC-1-2603-000701,2214052
FKSSBY,LOC-1-2603-000702,2128948
FKSSBY,LOC-1-2603-000703,2247148
FKSSBY,LOC-1-2603-000704,2061968
FKSSBY,LOC-1-2603-000705,2083244
FKSSBY,LOC-1-2603-000706,2049360
FKSSBY,LOC-1-2603-000707,2192776
FKSSBY,LOC-1-2603-000708,2096640
FKSSBY,LOC-1-2603-000709,2089548
FKSSBY,LOC-1-2603-000710,2118704
FKSSBY,LOC-1-2603-000711,2142344
FKSSBY,LOC-1-2603-000712,2026508
FKSSBY,LOC-1-2603-000713,2085608
FKSSBY,LOC-1-2603-000714,2001292
FKSSBY,LOC-1-2603-000715,1976076
FKSSBY,LOC-1-2603-000716,2090336
FKSSBY,LOC-1-2603-000717,2359832
FKSSBY,LOC-1-2603-000718,2282608
FKSSBY,LOC-1-2603-000719,2114764
FKSSBY,LOC-1-2603-000720,2384260
FKSSBY,LOC-1-2603-000721,2243996
FKSSBY,LOC-1-2603-000728,2273940
FKSSBY,LOC-1-2603-000729,2188048
FKSSBY,LOC-1-2603-000730,2229024
FKSSBY,LOC-1-2603-000731,2338556
FKSSBY,LOC-1-2603-000732,2117916
FKSSBY,LOC-1-2603-000733,2077728
FKSSBY,LOC-1-2603-000734,2407900
FKSSBY,LOC-1-2603-000735,2286548
FKSSBY,LOC-1-2603-000736,2254240
FKSSBY,LOC-1-2603-000737,2199868
FKSSBY,LOC-1-2603-000738,2383472
FKSSBY,LOC-1-2603-000739,2309400
FKSSBY,LOC-1-2603-000740,2336192
FKSSBY,LOC-1-2603-000741,2281820
FKSSBY,LOC-1-2603-000742,2418932
FKSSBY,LOC-1-2603-000743,2253452
FKSSBY,LOC-1-2603-000744,2165984
FKSSBY,LOC-1-2603-000745,2233752
FKSSBY,LOC-1-2603-000746,2188048
FKSSBY,LOC-1-2603-000747,2145496
FKSSBY,LOC-1-2603-000748,2072212
FKSSBY,LOC-1-2603-000749,1924068
FKSSBY,LOC-1-2603-000750,2160468
FKSSBY,LOC-1-2603-000751,2176228
FKSSBY,LOC-1-2603-000752,2159680
FKSSBY,LOC-1-2603-000753,2116340
FKSSBY,LOC-1-2603-000754,2354316
FKSSBY,LOC-1-2603-000755,2201444
FKSSBY,LOC-1-2603-000756,2083244
FKSSBY,LOC-1-2603-000757,2180168
FKSSBY,LOC-1-2603-000759,2275516
FKSSBY,LOC-1-2603-000760,2409476
FKSSBY,LOC-1-2603-000761,2079304
FKSSBY,LOC-1-2603-000762,2115552
FKSSBY,LOC-1-2603-000763,2227448
FKSSBY,LOC-1-2603-000764,2117916
FKSSBY,LOC-1-2603-000765,2124220
FKSSBY,LOC-1-2603-000766,1994200
FKSSBY,LOC-1-2603-000767,2027296
FKSSBY,LOC-1-2603-000768,1974500
FKSSBY,LOC-1-2603-000769,2214052
FKSSBY,LOC-1-2603-000770,2203808
FKSSBY,LOC-1-2603-000771,2302308
FKSSBY,LOC-1-2603-000772,2115552
FKSSBY,LOC-1-2603-000773,2136040
FKSSBY,LOC-1-2603-000774,2198292
FKSSBY,LOC-1-2603-000775,1980804
FKSSBY,LOC-1-2603-000776,2129736
FKSSBY,LOC-1-2603-000777,2166772
FKSSBY,LOC-1-2603-000778,2124220
FKSSBY,LOC-1-2603-000779,2208536
FKSSBY,LOC-1-2603-000780,2149436
FKSSBY,LOC-1-2603-000781,2049360
FKSSBY,LOC-1-2603-000782,2169924
FKSSBY,LOC-1-2603-000783,2138404
FKSSBY,LOC-1-2603-000784,2115552
FKSSBY,LOC-1-2603-000785,2206172
FKSSBY,LOC-1-2603-000786,2106884
FKSSBY,LOC-1-2603-000787,2230600
FKSSBY,LOC-1-2603-000788,2143132
FKSSBY,LOC-1-2603-000789,2082456
FKSSBY,LOC-1-2603-000790,2221932
FKSSBY,LOC-1-2603-000791,2223508
FKSSBY,LOC-1-2603-000792,2106096
FKSSBY,LOC-1-2603-000793,2365348
FKSSBY,LOC-1-2603-000794,2199868
FKSSBY,LOC-1-2603-000795,2340920
FKSSBY,LOC-1-2603-000796,2259756
FKSSBY,LOC-1-2603-000797,2303096
FKSSBY,LOC-1-2603-000798,2474092
FKSSBY,LOC-1-2603-000799,2144708
FKSSBY,LOC-1-2603-000800,2275516
FKSSBY,LOC-1-2603-000801,2396868
FKSSBY,LOC-1-2603-000802,2330676
FKSSBY,LOC-1-2603-000803,2367712
FKSSBY,LOC-1-2603-000804,2335404
FKSSBY,LOC-1-2603-000805,2393716
FKSSBY,LOC-1-2603-000806,2136828
FKSSBY,LOC-1-2603-000807,2293640
FKSSBY,LOC-1-2603-000808,1989472
FKSSBY,LOC-1-2603-000809,2023356
FKSSBY,LOC-1-2603-000810,2146284
FKSSBY,LOC-1-2603-000811,2246360
FKSSBY,LOC-1-2603-000812,2142344
FKSSBY,LOC-1-2603-000813,2112400
FKSSBY,LOC-1-2603-000814,2297580
FKSSBY,LOC-1-2603-000815,2421296
FKSSBY,LOC-1-2603-000816,2240056
FKSSBY,LOC-1-2603-000817,2232964
FKSSBY,LOC-1-2603-000818,2380320
FKSSBY,LOC-1-2603-000819,2348800
FKSSBY,LOC-1-2603-000820,2006808
FKSSBY,LOC-1-2603-000821,2205384
FKSSBY,LOC-1-2603-000822,2467788
FKSSBY,LOC-1-2603-000823,2277880
FKSSBY,LOC-1-2603-000824,2292064
FKSSBY,LOC-1-2603-000825,2413416
FKSSBY,LOC-1-2603-000826,2243208
FKSSBY,LOC-1-2603-000827,2214840
FKSSBY,LOC-1-2603-000828,2120280
FKSSBY,LOC-1-2603-000829,2096640
FKSSBY,LOC-1-2603-000830,2057240
FKSSBY,LOC-1-2603-000831,2368500
FKSSBY,LOC-1-2603-000832,2124220
FKSSBY,LOC-1-2603-000833,2116340
FKSSBY,LOC-1-2603-000834,2106096
FKSSBY,LOC-1-2603-000835,2146284
FKSSBY,LOC-1-2603-000836,2131312
FKSSBY,LOC-1-2603-000837,2111612
FKSSBY,LOC-1-2603-000838,2242420
FKSSBY,LOC-1-2603-000839,1665744
FKSSBY,LOC-1-2603-000840,1592928
FKSSBY,LOC-1-2603-000841,1634960
FKSSBY,LOC-1-2603-000842,1839200
FKSSBY,LOC-1-2603-000843,1719616
FKSSBY,LOC-1-2603-000844,1811968
FKSSBY,LOC-1-2603-000845,1794208
FKSSBY,LOC-1-2603-000846,1789472
FKSSBY,LOC-1-2603-000847,1965296
FKSSBY,LOC-1-2603-000848,1867616
FKSSBY,LOC-1-2603-000852,1720208
FKSSBY,LOC-1-2603-000853,1710144
FKSSBY,LOC-1-2603-000854,1847488
FKSSBY,LOC-1-2603-000855,1767568
FKSSBY,LOC-1-2603-000856,1589376
FKSSBY,LOC-1-2603-000857,1385505
FKSSBY,LOC-1-2603-000860,2188836
FKSSBY,LOC-1-2603-000861,2138404
FKSSBY,LOC-1-2603-000862,2185684
FKSSBY,LOC-1-2603-000863,2118704
FKSSBY,LOC-1-2603-000864,2143920
FKSSBY,LOC-1-2603-000865,2296792
FKSSBY,LOC-1-2603-000866,2283396
FKSSBY,LOC-1-2603-000867,2013900
FKSSBY,LOC-1-2603-000868,2343284
FKSSBY,LOC-1-2603-000869,2252664
FKSSBY,LOC-1-2603-000879,2092700
FKSSBY,LOC-1-2603-000880,2329100
FKSSBY,LOC-1-2603-000881,2170712
FKSSBY,LOC-1-2603-000882,2414204
FKSSBY,LOC-1-2603-000883,1982380
FKSSBY,LOC-1-2603-000884,1987896
FKSSBY,LOC-1-2603-000885,2303096
FKSSBY,LOC-1-2603-000886,2410264
FKSSBY,LOC-1-2603-000887,2498520
FKSSBY,LOC-1-2603-000888,2110824
FKSSBY,LOC-1-2603-000889,2284972
FKSSBY,LOC-1-2603-000890,2253452
FKSSBY,LOC-1-2603-000891,2247148
FKSSBY,LOC-1-2603-000892,2329888
FKSSBY,LOC-1-2603-000893,2400808
FKSSBY,LOC-1-2603-000894,2343284
FKSSBY,LOC-1-2603-000895,2566288
FKSSBY,LOC-1-2603-000896,2437844
FKSSBY,LOC-1-2603-000897,2262908
FKSSBY,LOC-1-2603-000898,2362196
FKSSBY,LOC-1-2603-000901,1721392
FKSSBY,LOC-1-2603-000902,1682912
FKSSBY,LOC-1-2603-000903,1651536
FKSSBY,LOC-1-2603-000904,1850448
FKSSBY,LOC-1-2603-000905,1818480
FKSSBY,LOC-1-2603-000906,1729680
FKSSBY,LOC-1-2603-000907,1798352
FKSSBY,LOC-1-2603-000913,2354316
FKSSBY,LOC-1-2603-000914,2399232
FKSSBY,LOC-1-2603-000915,2407900
FKSSBY,LOC-1-2603-000916,2403960
FKSSBY,LOC-1-2603-000917,2275516
FKSSBY,LOC-1-2603-000918,2238480
FKSSBY,LOC-1-2603-000919,2013112
FKSSBY,LOC-1-2603-000920,2247148
FKSSBY,LOC-1-2603-000921,2147072
FKSSBY,LOC-1-2603-000922,2027296
FKSSBY,LOC-1-2603-000925,2309400
FKSSBY,LOC-1-2603-000926,2369288
FKSSBY,LOC-1-2603-000927,2459908
FKSSBY,LOC-1-2603-000928,2339344
FKSSBY,LOC-1-2603-000929,2211688
FKSSBY,LOC-1-2603-000930,2206172
FKSSBY,LOC-1-2603-000931,2362196
FKSSBY,LOC-1-2603-000932,2306248
FKSSBY,LOC-1-2603-000933,2440996
FKSSBY,LOC-1-2603-000934,2429176
FKSSBY,LOC-1-2603-000939,1281555
FKSSBY,LOC-1-2603-000954,1891296
FKSSBY,LOC-1-2603-000955,1937472
FKSSBY,LOC-1-2603-000956,1699488
FKSSBY,LOC-1-2603-000957,1721392
FKSSBY,LOC-1-2603-000958,1780000
FKSSBY,LOC-1-2603-000963,2408688
FKSSBY,LOC-1-2603-000964,2245572
FKSSBY,LOC-1-2603-000965,2464636
FKSSBY,LOC-1-2603-000966,2452816
FKSSBY,LOC-1-2603-000967,2374804
FKSSBY,LOC-1-2603-000968,2303884
FKSSBY,LOC-1-2603-000969,2272364
FKSSBY,LOC-1-2603-000970,2296004
FKSSBY,LOC-1-2603-000993,1618384
FKSSBY,LOC-1-2603-000994,1639696
FKSSBY,LOC-1-2603-000995,1636736
FKSSBY,LOC-1-2603-000996,1587008
FKSSBY,LOC-1-2603-001057,1893664
FKSSBY,LOC-1-2603-001058,1802496
FKSSBY,LOC-1-2603-001059,1797168
FKSSBY,LOC-1-2603-001060,1933920
FKSSBY,LOC-1-2603-001061,1830912
FKSSBY,LOC-1-2603-001062,1888336
FKSSBY,LOC-1-2603-001063,2038704
FKSSBY,LOC-1-2603-001064,1804864
FKSSBY,LOC-1-2603-001065,1972400
FKSSBY,LOC-1-2603-001066,1601216
FKSSBY,LOC-1-2603-001067,1784736
FKSSBY,LOC-1-2603-001068,1748032
FKSSBY,LOC-1-2603-001069,1848672
FKSSBY,LOC-1-2603-001070,1786512
FKSSBY,LOC-1-2603-001071,1881232
FKSSBY,LOC-1-2603-001072,1672848
FKSSBY,LOC-1-2603-001073,1782368
FKSSBY,LOC-1-2603-001074,1819664
FKSSBY,LOC-1-2603-001085,1762240
FKSSBY,LOC-1-2603-001227,814592
FKSSBY,LOC-1-2603-001228,1420800
FKSSBY,LOC-1-2603-001229,1336144
FKSSBY,LOC-1-2603-001230,1481184
FKSSBY,LOC-1-2603-001231,1471712
FKSSBY,LOC-1-2603-001232,1388832
FKSSBY,LOC-1-2603-001233,5728998
FKSSBY,LOC-1-2603-001234,5710881
FKSSBY,LOC-1-2603-001235,5829648
FKSSBY,LOC-1-2603-001236,1401840
FKSSBY,LOC-1-2603-001264,3985000
FKSSBY,LOC-1-2603-001265,4077500
FKSSBY,LOC-1-2603-001266,4517500
FKSSBY,LOC-1-2603-001267,4141250
FKSSBY,LOC-1-2603-001268,4266250
FKSSBY,LOC-1-2603-001269,4420000
FKSSBY,LOC-1-2603-001270,4098750
FKSSBY,LOC-1-2604-000021,2168640
FKSSBY,LOC-1-2604-000022,2202525
FKSSBY,LOC-1-2604-000023,2156592
FKSSBY,LOC-1-2604-000024,2140779
FKSSBY,LOC-1-2604-000025,2179182
FKSSBY,LOC-1-2604-000026,2126472
FKSSBY,LOC-1-2604-000027,2207043
FKSSBY,LOC-1-2604-000028,2208549
FKSSBY,LOC-1-2604-000029,2521044
FKSSBY,LOC-1-2604-000038,9114864
FKSSBY,LOC-1-2604-000039,9229605
FKSSBY,LOC-1-2604-000040,2130237
FKSSBY,LOC-1-2604-000064,8301612.000000001
FKSSBY,LOC-1-2604-000126,2143791
FKSSBY,LOC-1-2604-000127,2117436
FKSSBY,LOC-1-2604-000128,2091834
FKSSBY,LOC-1-2604-000129,2015028
FKSSBY,LOC-1-2604-000130,2147556
FKSSBY,LOC-1-2604-000131,2113671
FKSSBY,LOC-1-2604-000132,2152074
FKSSBY,LOC-1-2604-000133,2079033
FKSSBY,LOC-1-2604-000134,2110659
FKSSBY,LOC-1-2604-000135,2485653
FKSSBY,LOC-1-2604-000136,2094846
FKSSBY,LOC-1-2604-000137,2081292
FKSSBY,LOC-1-2604-000139,2097858
FKSSBY,LOC-1-2604-000140,2049666
FKSSBY,LOC-1-2604-000225,5606205
FKSSBY,LOC-1-2604-000226,5326398
FKSSBY,LOC-1-2604-000227,5531724
FKSSBY,LOC-1-2604-000228,5563932
FKSSBY,LOC-1-2604-000229,5642439
FKSSBY,LOC-1-2604-000230,5598153
FKSSBY,LOC-1-2604-000231,5559906
FKSSBY,LOC-1-2604-000232,5549841
FKSSBY,LOC-1-2604-000233,5561919
FKSSBY,LOC-1-2604-000234,5569971
FKSSBY,LOC-1-2604-000235,8730381
FKSSBY,LOC-1-2604-000236,8879343
FKSSBY,LOC-1-2604-000237,8909538
FKSSBY,LOC-1-2604-000238,8845122
FKSSBY,LOC-1-2604-000285,2097105
FKSSBY,LOC-1-2604-000286,2127978
FKSSBY,LOC-1-2604-000287,2097858
FKSSBY,LOC-1-2604-000288,2054184
FKSSBY,LOC-1-2604-000290,2125719
FKSSBY,LOC-1-2604-000291,2158098
FKSSBY,LOC-1-2604-000292,2127225
FKSSBY,LOC-1-2604-000293,2171652
FKSSBY,LOC-1-2604-000294,2095599
FKSSBY,LOC-1-2604-000295,2032347
FKSSBY,LOC-1-2604-000297,2086563
FKSSBY,LOC-1-2604-000298,2023311
FKSSBY,LOC-1-2604-000299,2104635
FKSSBY,LOC-1-2604-000300,2109153
FKSSBY,LOC-1-2604-000363,2133249
FKSSBY,LOC-1-2604-000364,2144544
FKSSBY,LOC-1-2604-000365,2105388
FKSSBY,LOC-1-2604-000366,2140026
FKSSBY,LOC-1-2604-000372,2191983
FKSSBY,LOC-1-2604-000373,2093340
FKSSBY,LOC-1-2604-000374,2153580
FKSSBY,LOC-1-2604-000375,2130237
FKSSBY,LOC-1-2604-000376,2076774
FKSSBY,LOC-1-2604-000377,2158851
FKSSBY,LOC-1-2604-000378,2046654
FKSSBY,LOC-1-2604-000379,2147556
FKSSBY,LOC-1-2604-000380,2131743
FKSSBY,LOC-1-2604-000382,2155839
FKSSBY,LOC-1-2604-000425,2094093
FKSSBY,LOC-1-2604-000426,2186712
FKSSBY,LOC-1-2604-000427,2146050
FKSSBY,LOC-1-2604-000428,2107647
FKSSBY,LOC-1-2604-000429,2143038
FKSSBY,LOC-1-2604-000430,2152827
FKSSBY,LOC-1-2604-000431,2109153
FKSSBY,LOC-1-2604-000432,2140779
FKSSBY,LOC-1-2604-000433,2136261
FKSSBY,LOC-1-2604-000434,2236410
FKSSBY,LOC-1-2604-000435,2050419
FKSSBY,LOC-1-2604-000436,2167887
FKSSBY,LOC-1-2604-000437,2146803
FKSSBY,LOC-1-2604-000438,2243940
FKSSBY,LOC-1-2604-000439,2198007
FKSSBY,LOC-1-2604-000440,2158851
FKSSBY,LOC-1-2604-000441,2154333
FKSSBY,LOC-1-2604-000442,2128731
FKSSBY,LOC-1-2604-000443,2099364
FKSSBY,LOC-1-2604-000444,2110659
FKSSBY,LOC-1-2604-000457,2122707
FKSSBY,LOC-1-2604-000471,2266530
FKSSBY,LOC-1-2604-000472,2183700
FKSSBY,LOC-1-2604-000473,2255235
FKSSBY,LOC-1-2604-000474,2252223
