as_of_date,OrderOffice,FileNumber,OrderDate,Customer,GrossWeight,est_rate_per_kg,est_revenue,source_file,source_mtime
2026-03-13,FKSCLG,WO-2-2601-000351,2026-01-31,PT COCA-COLA DISTRIBUTION INDONESIA,1080000,105.0786838340486,113484978.5407725,WorkOrder_20260214_699044335063e5.68910643.xlsx,2026-03-13T10:06:00Z
2026-03-13,FKSCLG,WO-2-2601-000359,2026-01-31,PT. FKS MULTI AGRO TBK,250000,142.4572290402405,35614307.260060124,WorkOrder_20260214_699044335063e5.68910643.xlsx,2026-03-13T10:06:00Z
2026-03-13,FKSCLG,WO-2-2601-000360,2026-01-31,PT. GERBANG CAHAYA UTAMA,111000,115.0916723455198,12775175.630352698,WorkOrder_20260214_699044335063e5.68910643.xlsx,2026-03-13T10:06:00Z
2026-03-13,FKSCLG,WO-2-2601-000361,2026-01-31,PT DUTA SENTOSA YASA (MR DIY),20000,273.5965853658537,5471931.707317074,WorkOrder_20260214_699044335063e5.68910643.xlsx,2026-03-13T10:06:00Z
2026-03-13,FKSCLG,WO-2-2601-000362,2026-01-31,PT. BUNGASARI FLOUR MILLS INDONESIA,66000,188.8799679338945,12466077.883637037,WorkOrder_20260214_699044335063e5.68910643.xlsx,2026-03-13T10:06:00Z
2026-03-13,FKSCLG,WO-2-2601-000363,2026-01-31,PT. FKS MULTI AGRO TBK,90000,142.4572290402405,12821150.613621645,WorkOrder_20260214_699044335063e5.68910643.xlsx,2026-03-13T10:06:00Z
2026-03-13,FKSCLG,WO-2-2601-000364,2026-01-31,PT. PERMATA FOOD INDONESIA,25000,233.8515031773672,5846287.57943418,WorkOrder_20260214_699044335063e5.68910643.xlsx,2026-03-13T10:06:00Z
2026-03-13,FKSCLG,WO-2-2601-000373,2026-01-31,PT. FKS MULTI AGRO TBK,4100160,142.4572290402405,584097432.2216325,WorkOrder_20260214_699044335063e5.68910643.xlsx,2026-03-13T10:06:00Z
2026-03-13,FKSCLG,WO-2-2601-000378,2026-01-31,PT. FKS MULTI AGRO TBK,60000,142.4572290402405,8547433.74241443,WorkOrder_20260214_699044335063e5.68910643.xlsx,2026-03-13T10:06:00Z
2026-03-13,FKSCLG,WO-2-2602-000001,2026-02-02,PT. FKS MULTI AGRO TBK,450000,142.0252676490091,63911370.44205409,WorkOrder_20260224_699cfeb4e667c2.96137357.xlsx,2026-03-13T10:06:00Z
2026-03-13,FKSCLG,WO-2-2602-000002,2026-02-02,PT. GERBANG CAHAYA UTAMA,148000,114.66632807241524,16970616.554717455,WorkOrder_20260224_699cfeb4e667c2.96137357.xlsx,2026-03-13T10:06:00Z
2026-03-13,FKSCLG,WO-2-2602-000003,2026-02-02,PT DUTA SENTOSA YASA (MR DIY),20000,273.5965853658537,5471931.707317074,WorkOrder_20260224_699cfeb4e667c2.96137357.xlsx,2026-03-13T10:06:00Z
2026-03-13,FKSCLG,WO-2-2602-000004,2026-02-02,PT. FKS MULTI AGRO TBK,120000,142.0252676490091,17043032.117881093,WorkOrder_20260224_699cfeb4e667c2.96137357.xlsx,2026-03-13T10:06:00Z
2026-03-13,FKSCLG,WO-2-2602-000005,2026-02-02,PT. PERMATA FOOD INDONESIA,20000,223.4018141276817,4468036.282553634,WorkOrder_20260224_699cfeb4e667c2.96137357.xlsx,2026-03-13T10:06:00Z
2026-03-13,FKSCLG,WO-2-2602-000006,2026-02-27,PT. FKS MULTI AGRO TBK,124000,142.0252676490091,17611133.18847713,WorkOrder_20260227_69a0e63aa6be10.68310499.xlsx,2026-03-13T10:06:00Z
2026-03-13,FKSCLG,WO-2-2602-000007,2026-02-27,PT. FKS MULTI AGRO TBK,35000,142.0252676490091,4970884.367715319,WorkOrder_20260227_69a0e63aa6be10.68310499.xlsx,2026-03-13T10:06:00Z
2026-03-13,FKSCLG,WO-2-2602-000008,2026-02-02,PT. FKS MULTI AGRO TBK,35000,142.0252676490091,4970884.367715319,WorkOrder_20260224_699cfeb4e667c2.96137357.xlsx,2026-03-13T10:06:00Z
2026-03-13,FKSCLG,WO-2-2602-000010,2026-02-02,PT. TEREOS FKS INDONESIA,30000,31.857934526613285,955738.0357983985,WorkOrder_20260224_699cfeb4e667c2.96137357.xlsx,2026-03-13T10:06:00Z
2026-03-13,FKSCLG,WO-2-2602-000011,2026-02-02,PT. TEREOS FKS INDONESIA,30000,31.857934526613285,955738.0357983985,WorkOrder_20260224_699cfeb4e667c2.96137357.xlsx,2026-03-13T10:06:00Z
2026-03-13,FKSCLG,WO-2-2602-000012,2026-02-02,PT. TEREOS FKS INDONESIA,30000,31.857934526613285,955738.0357983985,WorkOrder_20260224_699cfeb4e667c2.96137357.xlsx,2026-03-13T10:06:00Z
2026-03-13,FKSCLG,WO-2-2602-000013,2026-02-27,AGUS RIYANTO,124000,NA,NA,WorkOrder_20260227_69a0e63aa6be10.68310499.xlsx,2026-03-13T10:06:00Z
2026-03-13,FKSCLG,WO-2-2602-000014,2026-02-02,PT. FKS MULTI AGRO TBK,66000,142.0252676490091,9373667.6648346,WorkOrder_20260224_699cfeb4e667c2.96137357.xlsx,2026-03-13T10:06:00Z
2026-03-13,FKSCLG,WO-2-2602-000015,2026-02-02,PT COCA-COLA DISTRIBUTION INDONESIA,120000,105.07868383404865,12609442.060085837,WorkOrder_20260224_699cfeb4e667c2.96137357.xlsx,2026-03-13T10:06:00Z
2026-03-13,FKSCLG,WO-2-2602-000016,2026-02-03,PT. FKS MULTI AGRO TBK,500000,142.0252676490091,71012633.82450455,WorkOrder_20260224_699cfeb4e667c2.96137357.xlsx,2026-03-13T10:06:00Z
2026-03-13,FKSCLG,WO-2-2602-000017,2026-02-03,PT. GERBANG CAHAYA UTAMA,185000,114.66632807241524,21213270.693396818,WorkOrder_20260224_699cfeb4e667c2.96137357.xlsx,2026-03-13T10:06:00Z
2026-03-13,FKSCLG,WO-2-2602-000018,2026-02-03,PT DUTA SENTOSA YASA (MR DIY),15000,273.5965853658537,4103948.780487805,WorkOrder_20260224_699cfeb4e667c2.96137357.xlsx,2026-03-13T10:06:00Z
2026-03-13,FKSCLG,WO-2-2602-000019,2026-02-03,PT. BUNGASARI FLOUR MILLS INDONESIA,60000,191.2258291689186,11473549.750135116,WorkOrder_20260224_699cfeb4e667c2.96137357.xlsx,2026-03-13T10:06:00Z
2026-03-13,FKSCLG,WO-2-2602-000020,2026-02-03,PT. FKS MULTI AGRO TBK,90000,142.0252676490091,12782274.088410819,WorkOrder_20260224_699cfeb4e667c2.96137357.xlsx,2026-03-13T10:06:00Z
2026-03-13,FKSCLG,WO-2-2602-000021,2026-02-03,PT. PERMATA FOOD INDONESIA,30000,223.4018141276817,6702054.4238304505,WorkOrder_20260224_699cfeb4e667c2.96137357.xlsx,2026-03-13T10:06:00Z
2026-03-13,FKSCLG,WO-2-2602-000022,2026-02-03,PT. TEREOS FKS INDONESIA,30000,31.857934526613285,955738.0357983985,WorkOrder_20260224_699cfeb4e667c2.96137357.xlsx,2026-03-13T10:06:00Z
2026-03-13,FKSCLG,WO-2-2602-000023,2026-02-03,PT. TEREOS FKS INDONESIA,30000,31.857934526613285,955738.0357983985,WorkOrder_20260224_699cfeb4e667c2.96137357.xlsx,2026-03-13T10:06:00Z
2026-03-13,FKSCLG,WO-2-2602-000024,2026-02-03,PT. TEREOS FKS INDONESIA,30000,31.857934526613285,955738.0357983985,WorkOrder_20260224_699cfeb4e667c2.96137357.xlsx,2026-03-13T10:06:00Z
2026-03-13,FKSCLG,WO-2-2602-000025,2026-02-04,PT. FKS MULTI AGRO TBK,550000,142.0252676490091,78113897.206955,WorkOrder_20260224_699cfeb4e667c2.96137357.xlsx,2026-03-13T10:06:00Z
2026-03-13,FKSCLG,WO-2-2602-000026,2026-02-04,PT. GERBANG CAHAYA UTAMA,148000,114.66632807241524,16970616.554717455,WorkOrder_20260224_699cfeb4e667c2.96137357.xlsx,2026-03-13T10:06:00Z
2026-03-13,FKSCLG,WO-2-2602-000027,2026-02-04,PT DUTA SENTOSA YASA (MR DIY),30000,273.5965853658537,8207897.56097561,WorkOrder_20260224_699cfeb4e667c2.96137357.xlsx,2026-03-13T10:06:00Z
2026-03-13,FKSCLG,WO-2-2602-000028,2026-02-04,PT. BUNGASARI FLOUR MILLS INDONESIA,90000,191.2258291689186,17210324.625202674,WorkOrder_20260224_699cfeb4e667c2.96137357.xlsx,2026-03-13T10:06:00Z
2026-03-13,FKSCLG,WO-2-2602-000029,2026-02-04,PT. FKS MULTI AGRO TBK,60000,142.0252676490091,8521516.058940547,WorkOrder_20260224_699cfeb4e667c2.96137357.xlsx,2026-03-13T10:06:00Z
2026-03-13,FKSCLG,WO-2-2602-000030,2026-02-04,PT COCA-COLA DISTRIBUTION INDONESIA,120000,105.07868383404865,12609442.060085837,WorkOrder_20260224_699cfeb4e667c2.96137357.xlsx,2026-03-13T10:06:00Z
2026-03-13,FKSCLG,WO-2-2602-000032,2026-02-05,PT. FKS MULTI AGRO TBK,400000,142.0252676490091,56810107.05960364,WorkOrder_20260224_699cfeb4e667c2.96137357.xlsx,2026-03-13T10:06:00Z
2026-03-13,FKSCLG,WO-2-2602-000033,2026-02-05,PT. GERBANG CAHAYA UTAMA,148000,114.66632807241524,16970616.554717455,WorkOrder_20260224_699cfeb4e667c2.96137357.xlsx,2026-03-13T10:06:00Z
2026-03-13,FKSCLG,WO-2-2602-000034,2026-02-05,PT DUTA SENTOSA YASA (MR DIY),20000,273.5965853658537,5471931.707317074,WorkOrder_20260224_699cfeb4e667c2.96137357.xlsx,2026-03-13T10:06:00Z
2026-03-13,FKSCLG,WO-2-2602-000035,2026-02-05,PT. BUNGASARI FLOUR MILLS INDONESIA,64000,191.2258291689186,12238453.06681079,WorkOrder_20260224_699cfeb4e667c2.96137357.xlsx,2026-03-13T10:06:00Z
2026-03-13,FKSCLG,WO-2-2602-000036,2026-02-02,PT. FKS MULTI AGRO TBK,20000,142.0252676490091,2840505.352980182,WorkOrder_20260224_699cfeb4e667c2.96137357.xlsx,2026-03-13T10:06:00Z
2026-03-13,FKSCLG,WO-2-2602-000037,2026-02-02,PT. FKS MULTI AGRO TBK,25000,142.0252676490091,3550631.6912252274,WorkOrder_20260224_699cfeb4e667c2.96137357.xlsx,2026-03-13T10:06:00Z
2026-03-13,FKSCLG,WO-2-2602-000038,2026-02-02,PT. FKS MULTI AGRO TBK,20000,142.0252676490091,2840505.352980182,WorkOrder_20260224_699cfeb4e667c2.96137357.xlsx,2026-03-13T10:06:00Z
2026-03-13,FKSCLG,WO-2-2602-000039,2026-02-03,PT. FKS MULTI AGRO TBK,32000,142.0252676490091,4544808.564768291,WorkOrder_20260224_699cfeb4e667c2.96137357.xlsx,2026-03-13T10:06:00Z
2026-03-13,FKSCLG,WO-2-2602-000040,2026-02-03,PT. FKS MULTI AGRO TBK,35000,142.0252676490091,4970884.367715319,WorkOrder_20260224_699cfeb4e667c2.96137357.xlsx,2026-03-13T10:06:00Z
2026-03-13,FKSCLG,WO-2-2602-000041,2026-02-03,PT. FKS MULTI AGRO TBK,172000,142.0252676490091,24428346.035629563,WorkOrder_20260224_699cfeb4e667c2.96137357.xlsx,2026-03-13T10:06:00Z
2026-03-13,FKSCLG,WO-2-2602-000042,2026-02-02,PT. FKS MULTI AGRO TBK,100000,142.0252676490091,14202526.76490091,WorkOrder_20260224_699cfeb4e667c2.96137357.xlsx,2026-03-13T10:06:00Z
2026-03-13,FKSCLG,WO-2-2602-000043,2026-02-02,PT. FKS MULTI AGRO TBK,20000,142.0252676490091,2840505.352980182,WorkOrder_20260224_699cfeb4e667c2.96137357.xlsx,2026-03-13T10:06:00Z
2026-03-13,FKSCLG,WO-2-2602-000044,2026-02-02,PT. FKS MULTI AGRO TBK,110000,142.0252676490091,15622779.441391,WorkOrder_20260224_699cfeb4e667c2.96137357.xlsx,2026-03-13T10:06:00Z
2026-03-13,FKSCLG,WO-2-2602-000045,2026-02-02,PT. FKS MULTI AGRO TBK,35000,142.0252676490091,4970884.367715319,WorkOrder_20260224_699cfeb4e667c2.96137357.xlsx,2026-03-13T10:06:00Z
2026-03-13,FKSCLG,WO-2-2602-000046,2026-02-03,PT. FKS MULTI AGRO TBK,28000,142.0252676490091,3976707.4941722546,WorkOrder_20260224_699cfeb4e667c2.96137357.xlsx,2026-03-13T10:06:00Z
2026-03-13,FKSCLG,WO-2-2602-000047,2026-02-03,PT. FKS MULTI AGRO TBK,700000,142.0252676490091,99417687.35430637,WorkOrder_20260224_699cfeb4e667c2.96137357.xlsx,2026-03-13T10:06:00Z
2026-03-13,FKSCLG,WO-2-2602-000048,2026-02-05,PT. GERBANG CAHAYA UTAMA,66000,114.66632807241524,7567977.652779406,WorkOrder_20260224_699cfeb4e667c2.96137357.xlsx,2026-03-13T10:06:00Z
2026-03-13,FKSCLG,WO-2-2602-000049,2026-02-05,PT. PERMATA FOOD INDONESIA,7,223.4018141276817,1563.8126988937718,WorkOrder_20260224_699cfeb4e667c2.96137357.xlsx,2026-03-13T10:06:00Z
2026-03-13,FKSCLG,WO-2-2602-000050,2026-02-05,PT COCA-COLA DISTRIBUTION INDONESIA,132000,105.07868383404865,13870386.266094422,WorkOrder_20260224_699cfeb4e667c2.96137357.xlsx,2026-03-13T10:06:00Z
2026-03-13,FKSCLG,WO-2-2602-000051,2026-02-06,PT. FKS MULTI AGRO TBK,600000,142.0252676490091,85215160.58940546,WorkOrder_20260224_699cfeb4e667c2.96137357.xlsx,2026-03-13T10:06:00Z
2026-03-13,FKSCLG,WO-2-2602-000052,2026-02-06,PT. GERBANG CAHAYA UTAMA,148000,114.66632807241524,16970616.554717455,WorkOrder_20260224_699cfeb4e667c2.96137357.xlsx,2026-03-13T10:06:00Z
2026-03-13,FKSCLG,WO-2-2602-000053,2026-02-06,PT DUTA SENTOSA YASA (MR DIY),15000,273.5965853658537,4103948.780487805,WorkOrder_20260224_699cfeb4e667c2.96137357.xlsx,2026-03-13T10:06:00Z
2026-03-13,FKSCLG,WO-2-2602-000054,2026-02-06,BADAN INBISCO NIAGATAMA SEMESTA,20000,191.5367483296214,3830734.966592428,WorkOrder_20260224_699cfeb4e667c2.96137357.xlsx,2026-03-13T10:06:00Z
2026-03-13,FKSCLG,WO-2-2602-000055,2026-02-04,PT. FKS MULTI AGRO TBK,35000,142.0252676490091,4970884.367715319,WorkOrder_20260224_699cfeb4e667c2.96137357.xlsx,2026-03-13T10:06:00Z
2026-03-13,FKSCLG,WO-2-2602-000056,2026-02-04,PT. FKS MULTI AGRO TBK,40000,142.0252676490091,5681010.705960364,WorkOrder_20260224_699cfeb4e667c2.96137357.xlsx,2026-03-13T10:06:00Z
2026-03-13,FKSCLG,WO-2-2602-000057,2026-02-04,PT. FKS MULTI AGRO TBK,450000,142.0252676490091,63911370.44205409,WorkOrder_20260224_699cfeb4e667c2.96137357.xlsx,2026-03-13T10:06:00Z
2026-03-13,FKSCLG,WO-2-2602-000058,2026-02-05,PT. FKS MULTI AGRO TBK,30000,142.0252676490091,4260758.029470273,WorkOrder_20260224_699cfeb4e667c2.96137357.xlsx,2026-03-13T10:06:00Z
2026-03-13,FKSCLG,WO-2-2602-000059,2026-02-05,PT. FKS MULTI AGRO TBK,90000,142.0252676490091,12782274.088410819,WorkOrder_20260224_699cfeb4e667c2.96137357.xlsx,2026-03-13T10:06:00Z
2026-03-13,FKSCLG,WO-2-2602-000060,2026-02-04,PT. FKS MULTI AGRO TBK,70000,142.0252676490091,9941768.735430637,WorkOrder_20260224_699cfeb4e667c2.96137357.xlsx,2026-03-13T10:06:00Z
2026-03-13,FKSCLG,WO-2-2602-000061,2026-02-04,PT. FKS MULTI AGRO TBK,150000,142.0252676490091,21303790.147351366,WorkOrder_20260224_699cfeb4e667c2.96137357.xlsx,2026-03-13T10:06:00Z
2026-03-13,FKSCLG,WO-2-2602-000062,2026-02-06,PT COCA-COLA DISTRIBUTION INDONESIA,90000,105.07868383404865,9457081.545064379,WorkOrder_20260224_699cfeb4e667c2.96137357.xlsx,2026-03-13T10:06:00Z
2026-03-13,FKSCLG,WO-2-2602-000063,2026-02-04,PT. FKS MULTI AGRO TBK,60000,142.0252676490091,8521516.058940547,WorkOrder_20260224_699cfeb4e667c2.96137357.xlsx,2026-03-13T10:06:00Z
2026-03-13,FKSCLG,WO-2-2602-000064,2026-02-05,PT. FKS MULTI AGRO TBK,42000,142.0252676490091,5965061.241258382,WorkOrder_20260224_699cfeb4e667c2.96137357.xlsx,2026-03-13T10:06:00Z
2026-03-13,FKSCLG,WO-2-2602-000065,2026-02-05,PT. FKS MULTI AGRO TBK,38000,142.0252676490091,5396960.170662345,WorkOrder_20260224_699cfeb4e667c2.96137357.xlsx,2026-03-13T10:06:00Z
2026-03-13,FKSCLG,WO-2-2602-000066,2026-02-07,PT DUTA SENTOSA YASA (MR DIY),30000,273.5965853658537,8207897.56097561,WorkOrder_20260224_699cfeb4e667c2.96137357.xlsx,2026-03-13T10:06:00Z
2026-03-13,FKSCLG,WO-2-2602-000067,2026-02-07,PT. FKS MULTI AGRO TBK,500000,142.0252676490091,71012633.82450455,WorkOrder_20260224_699cfeb4e667c2.96137357.xlsx,2026-03-13T10:06:00Z
2026-03-13,FKSCLG,WO-2-2602-000068,2026-02-07,PT. GERBANG CAHAYA UTAMA,148000,114.66632807241524,16970616.554717455,WorkOrder_20260224_699cfeb4e667c2.96137357.xlsx,2026-03-13T10:06:00Z
2026-03-13,FKSCLG,WO-2-2602-000069,2026-02-07,PT. BUNGASARI FLOUR MILLS INDONESIA,148000,191.2258291689186,28301422.716999955,WorkOrder_20260224_699cfeb4e667c2.96137357.xlsx,2026-03-13T10:06:00Z
2026-03-13,FKSCLG,WO-2-2602-000070,2026-02-07,PT LOTTE GLOBAL LOGISTICS INDONESIA,90000,263.2711631147541,23694404.680327866,WorkOrder_20260224_699cfeb4e667c2.96137357.xlsx,2026-03-13T10:06:00Z
2026-03-13,FKSCLG,WO-2-2602-000071,2026-02-07,PT. GERBANG CAHAYA UTAMA,66000,114.66632807241524,7567977.652779406,WorkOrder_20260224_699cfeb4e667c2.96137357.xlsx,2026-03-13T10:06:00Z
2026-03-13,FKSCLG,WO-2-2602-000072,2026-02-07,PT COCA-COLA DISTRIBUTION INDONESIA,1080000,105.07868383404865,113484978.54077254,WorkOrder_20260224_699cfeb4e667c2.96137357.xlsx,2026-03-13T10:06:00Z
2026-03-13,FKSCLG,WO-2-2602-000073,2026-02-04,PT. FKS MULTI AGRO TBK,70000,142.0252676490091,9941768.735430637,WorkOrder_20260224_699cfeb4e667c2.96137357.xlsx,2026-03-13T10:06:00Z
2026-03-13,FKSCLG,WO-2-2602-000074,2026-02-05,PT. FKS MULTI AGRO TBK,20000,142.0252676490091,2840505.352980182,WorkOrder_20260224_699cfeb4e667c2.96137357.xlsx,2026-03-13T10:06:00Z
2026-03-13,FKSCLG,WO-2-2602-000075,2026-02-04,PT. BUNGASARI FLOUR MILLS INDONESIA,70000,191.2258291689186,13385808.041824302,WorkOrder_20260224_699cfeb4e667c2.96137357.xlsx,2026-03-13T10:06:00Z
2026-03-13,FKSCLG,WO-2-2602-000076,2026-02-04,PT. FKS MULTI AGRO TBK,8000,142.0252676490091,1136202.1411920728,WorkOrder_20260224_699cfeb4e667c2.96137357.xlsx,2026-03-13T10:06:00Z
2026-03-13,FKSCLG,WO-2-2602-000077,2026-02-03,PT. FKS MULTI AGRO TBK,175000,142.0252676490091,24854421.838576593,WorkOrder_20260224_699cfeb4e667c2.96137357.xlsx,2026-03-13T10:06:00Z
2026-03-13,FKSCLG,WO-2-2602-000080,2026-02-08,PT SEWU SEGAR NUSANTARA (SUNPRIDE),16000,114.57675732956552,1833228.1172730485,WorkOrder_20260224_699cfeb4e667c2.96137357.xlsx,2026-03-13T10:06:00Z
2026-03-13,FKSCLG,WO-2-2602-000081,2026-02-09,PT. FKS MULTI AGRO TBK,222000,142.0252676490091,31529609.41808002,WorkOrder_20260224_699cfeb4e667c2.96137357.xlsx,2026-03-13T10:06:00Z
2026-03-13,FKSCLG,WO-2-2602-000082,2026-02-09,PT. FKS MULTI AGRO TBK,185000,142.0252676490091,26274674.515066683,WorkOrder_20260224_699cfeb4e667c2.96137357.xlsx,2026-03-13T10:06:00Z
2026-03-13,FKSCLG,WO-2-2602-000083,2026-02-09,PT. GERBANG CAHAYA UTAMA,222000,114.66632807241524,25455924.832076184,WorkOrder_20260224_699cfeb4e667c2.96137357.xlsx,2026-03-13T10:06:00Z
2026-03-13,FKSCLG,WO-2-2602-000084,2026-02-09,PT COCA-COLA DISTRIBUTION INDONESIA,120000,105.07868383404865,12609442.060085837,WorkOrder_20260224_699cfeb4e667c2.96137357.xlsx,2026-03-13T10:06:00Z
2026-03-13,FKSCLG,WO-2-2602-000085,2026-02-09,PT. FKS MULTI AGRO TBK,10000,142.0252676490091,1420252.676490091,WorkOrder_20260224_699cfeb4e667c2.96137357.xlsx,2026-03-13T10:06:00Z
2026-03-13,FKSCLG,WO-2-2602-000086,2026-02-09,PT. FKS MULTI AGRO TBK,60000,142.0252676490091,8521516.058940547,WorkOrder_20260224_699cfeb4e667c2.96137357.xlsx,2026-03-13T10:06:00Z
2026-03-13,FKSCLG,WO-2-2602-000087,2026-02-09,PT. PERMATA FOOD INDONESIA,15000,223.4018141276817,3351027.2119152253,WorkOrder_20260224_699cfeb4e667c2.96137357.xlsx,2026-03-13T10:06:00Z
2026-03-13,FKSCLG,WO-2-2602-000088,2026-02-10,PT. FKS MULTI AGRO TBK,222000,142.0252676490091,31529609.41808002,WorkOrder_20260224_699cfeb4e667c2.96137357.xlsx,2026-03-13T10:06:00Z
2026-03-13,FKSCLG,WO-2-2602-000089,2026-02-10,PT. FKS MULTI AGRO TBK,185000,142.0252676490091,26274674.515066683,WorkOrder_20260224_699cfeb4e667c2.96137357.xlsx,2026-03-13T10:06:00Z
2026-03-13,FKSCLG,WO-2-2602-000090,2026-02-10,PT. GERBANG CAHAYA UTAMA,222000,114.66632807241524,25455924.832076184,WorkOrder_20260224_699cfeb4e667c2.96137357.xlsx,2026-03-13T10:06:00Z
2026-03-13,FKSCLG,WO-2-2602-000091,2026-02-10,PT NUTRINDO BOGARASA,80000,90.70813177478652,7256650.541982922,WorkOrder_20260224_699cfeb4e667c2.96137357.xlsx,2026-03-13T10:06:00Z
2026-03-13,FKSCLG,WO-2-2602-000092,2026-02-10,PT COCA-COLA DISTRIBUTION INDONESIA,120000,105.07868383404865,12609442.060085837,WorkOrder_20260224_699cfeb4e667c2.96137357.xlsx,2026-03-13T10:06:00Z
2026-03-13,FKSCLG,WO-2-2602-000093,2026-02-10,PT COCA-COLA DISTRIBUTION INDONESIA,120000,105.07868383404865,12609442.060085837,WorkOrder_20260224_699cfeb4e667c2.96137357.xlsx,2026-03-13T10:06:00Z
2026-03-13,FKSCLG,WO-2-2602-000094,2026-02-06,PT. FKS MULTI AGRO TBK,20000,142.0252676490091,2840505.352980182,WorkOrder_20260224_699cfeb4e667c2.96137357.xlsx,2026-03-13T10:06:00Z
2026-03-13,FKSCLG,WO-2-2602-000095,2026-02-06,PT. FKS MULTI AGRO TBK,300000,142.0252676490091,42607580.29470273,WorkOrder_20260224_699cfeb4e667c2.96137357.xlsx,2026-03-13T10:06:00Z
2026-03-13,FKSCLG,WO-2-2602-000096,2026-02-06,PT. FKS MULTI AGRO TBK,30000,142.0252676490091,4260758.029470273,WorkOrder_20260224_699cfeb4e667c2.96137357.xlsx,2026-03-13T10:06:00Z
2026-03-13,FKSCLG,WO-2-2602-000097,2026-02-07,PT. FKS MULTI AGRO TBK,20000,142.0252676490091,2840505.352980182,WorkOrder_20260224_699cfeb4e667c2.96137357.xlsx,2026-03-13T10:06:00Z
2026-03-13,FKSCLG,WO-2-2602-000098,2026-02-06,PT. FKS MULTI AGRO TBK,35000,142.0252676490091,4970884.367715319,WorkOrder_20260224_699cfeb4e667c2.96137357.xlsx,2026-03-13T10:06:00Z
2026-03-13,FKSCLG,WO-2-2602-000099,2026-02-11,PT. FKS MULTI AGRO TBK,222000,142.0252676490091,31529609.41808002,WorkOrder_20260224_699cfeb4e667c2.96137357.xlsx,2026-03-13T10:06:00Z
2026-03-13,FKSCLG,WO-2-2602-000100,2026-02-11,PT. FKS MULTI AGRO TBK,148000,142.0252676490091,21019739.612053346,WorkOrder_20260224_699cfeb4e667c2.96137357.xlsx,2026-03-13T10:06:00Z
2026-03-13,FKSCLG,WO-2-2602-000101,2026-02-11,PT. GERBANG CAHAYA UTAMA,222000,114.66632807241524,25455924.832076184,WorkOrder_20260224_699cfeb4e667c2.96137357.xlsx,2026-03-13T10:06:00Z
2026-03-13,FKSCLG,WO-2-2602-000102,2026-02-11,PT COCA-COLA DISTRIBUTION INDONESIA,120000,105.07868383404865,12609442.060085837,WorkOrder_20260224_699cfeb4e667c2.96137357.xlsx,2026-03-13T10:06:00Z
2026-03-13,FKSCLG,WO-2-2602-000103,2026-02-11,PT LOTTE GLOBAL LOGISTICS INDONESIA,120000,263.2711631147541,31592539.57377049,WorkOrder_20260224_699cfeb4e667c2.96137357.xlsx,2026-03-13T10:06:00Z
2026-03-13,FKSCLG,WO-2-2602-000104,2026-02-11,PT. FKS MULTI AGRO TBK,90000,142.0252676490091,12782274.088410819,WorkOrder_20260224_699cfeb4e667c2.96137357.xlsx,2026-03-13T10:06:00Z
2026-03-13,FKSCLG,WO-2-2602-000105,2026-02-11,PT. PERMATA FOOD INDONESIA,15000,223.4018141276817,3351027.2119152253,WorkOrder_20260224_699cfeb4e667c2.96137357.xlsx,2026-03-13T10:06:00Z
2026-03-13,FKSCLG,WO-2-2602-000107,2026-02-07,PT. FKS MULTI AGRO TBK,37500,142.0252676490091,5325947.536837841,WorkOrder_20260224_699cfeb4e667c2.96137357.xlsx,2026-03-13T10:06:00Z
2026-03-13,FKSCLG,WO-2-2602-000109,2026-02-12,PT. FKS MULTI AGRO TBK,185000,142.0252676490091,26274674.515066683,WorkOrder_20260224_699cfeb4e667c2.96137357.xlsx,2026-03-13T10:06:00Z
2026-03-13,FKSCLG,WO-2-2602-000110,2026-02-12,PT. FKS MULTI AGRO TBK,148000,142.0252676490091,21019739.612053346,WorkOrder_20260224_699cfeb4e667c2.96137357.xlsx,2026-03-13T10:06:00Z
2026-03-13,FKSCLG,WO-2-2602-000111,2026-02-12,PT. GERBANG CAHAYA UTAMA,148000,114.66632807241524,16970616.554717455,WorkOrder_20260224_699cfeb4e667c2.96137357.xlsx,2026-03-13T10:06:00Z
2026-03-13,FKSCLG,WO-2-2602-000112,2026-02-12,PT LOTTE GLOBAL LOGISTICS INDONESIA,60000,263.2711631147541,15796269.786885245,WorkOrder_20260224_699cfeb4e667c2.96137357.xlsx,2026-03-13T10:06:00Z
2026-03-13,FKSCLG,WO-2-2602-000113,2026-02-12,PT. FKS MULTI AGRO TBK,110000,142.0252676490091,15622779.441391,WorkOrder_20260224_699cfeb4e667c2.96137357.xlsx,2026-03-13T10:06:00Z
2026-03-13,FKSCLG,WO-2-2602-000114,2026-02-06,PT. FKS MULTI AGRO TBK,70000,142.0252676490091,9941768.735430637,WorkOrder_20260224_699cfeb4e667c2.96137357.xlsx,2026-03-13T10:06:00Z
2026-03-13,FKSCLG,WO-2-2602-000115,2026-02-12,PT. FKS MULTI AGRO TBK,111000,142.0252676490091,15764804.70904001,WorkOrder_20260224_699cfeb4e667c2.96137357.xlsx,2026-03-13T10:06:00Z
2026-03-13,FKSCLG,WO-2-2602-000116,2026-02-07,PT. FKS MULTI AGRO TBK,33000,142.0252676490091,4686833.8324173,WorkOrder_20260224_699cfeb4e667c2.96137357.xlsx,2026-03-13T10:06:00Z
2026-03-13,FKSCLG,WO-2-2602-000117,2026-02-09,PT. FKS MULTI AGRO TBK,30000,142.0252676490091,4260758.029470273,WorkOrder_20260224_699cfeb4e667c2.96137357.xlsx,2026-03-13T10:06:00Z
2026-03-13,FKSCLG,WO-2-2602-000118,2026-02-09,PT. FKS MULTI AGRO TBK MM KM61,20000,NA,NA,WorkOrder_20260224_699cfeb4e667c2.96137357.xlsx,2026-03-13T10:06:00Z
2026-03-13,FKSCLG,WO-2-2602-000119,2026-02-09,PT. FKS MULTI AGRO TBK,50000,142.0252676490091,7101263.382450455,WorkOrder_20260224_699cfeb4e667c2.96137357.xlsx,2026-03-13T10:06:00Z
2026-03-13,FKSCLG,WO-2-2602-000120,2026-02-09,PT. FKS MULTI AGRO TBK,60000,142.0252676490091,8521516.058940547,WorkOrder_20260224_699cfeb4e667c2.96137357.xlsx,2026-03-13T10:06:00Z
2026-03-13,FKSCLG,WO-2-2602-000121,2026-02-12,BADAN INBISCO NIAGATAMA SEMESTA,15000,191.5367483296214,2873051.224944321,WorkOrder_20260224_699cfeb4e667c2.96137357.xlsx,2026-03-13T10:06:00Z
2026-03-13,FKSCLG,WO-2-2602-000122,2026-02-13,PT. FKS MULTI AGRO TBK,148000,142.0252676490091,21019739.612053346,WorkOrder_20260224_699cfeb4e667c2.96137357.xlsx,2026-03-13T10:06:00Z
2026-03-13,FKSCLG,WO-2-2602-000123,2026-02-13,PT. FKS MULTI AGRO TBK,259000,142.0252676490091,36784544.32109336,WorkOrder_20260224_699cfeb4e667c2.96137357.xlsx,2026-03-13T10:06:00Z
2026-03-13,FKSCLG,WO-2-2602-000124,2026-02-13,PT. FKS MULTI AGRO TBK,74000,142.0252676490091,10509869.806026673,WorkOrder_20260224_699cfeb4e667c2.96137357.xlsx,2026-03-13T10:06:00Z
2026-03-13,FKSCLG,WO-2-2602-000125,2026-02-13,PT. GERBANG CAHAYA UTAMA,185000,114.66632807241524,21213270.693396818,WorkOrder_20260224_699cfeb4e667c2.96137357.xlsx,2026-03-13T10:06:00Z
2026-03-13,FKSCLG,WO-2-2602-000126,2026-02-13,PT. FKS MULTI AGRO TBK,66000,142.0252676490091,9373667.6648346,WorkOrder_20260224_699cfeb4e667c2.96137357.xlsx,2026-03-13T10:06:00Z
2026-03-13,FKSCLG,WO-2-2602-000127,2026-02-13,PT. FKS MULTI AGRO TBK,60000,142.0252676490091,8521516.058940547,WorkOrder_20260224_699cfeb4e667c2.96137357.xlsx,2026-03-13T10:06:00Z
2026-03-13,FKSCLG,WO-2-2602-000130,2026-02-13,PT LOTTE GLOBAL LOGISTICS INDONESIA,60000,263.2711631147541,15796269.786885245,WorkOrder_20260224_699cfeb4e667c2.96137357.xlsx,2026-03-13T10:06:00Z
2026-03-13,FKSCLG,WO-2-2602-000131,2026-02-13,PT COCA-COLA DISTRIBUTION INDONESIA,90000,105.07868383404865,9457081.545064379,WorkOrder_20260224_699cfeb4e667c2.96137357.xlsx,2026-03-13T10:06:00Z
2026-03-13,FKSCLG,WO-2-2602-000132,2026-02-14,PT. FKS MULTI AGRO TBK,222000,142.0252676490091,31529609.41808002,WorkOrder_20260224_699cfeb4e667c2.96137357.xlsx,2026-03-13T10:06:00Z
2026-03-13,FKSCLG,WO-2-2602-000133,2026-02-14,PT. FKS MULTI AGRO TBK,111000,142.0252676490091,15764804.70904001,WorkOrder_20260224_699cfeb4e667c2.96137357.xlsx,2026-03-13T10:06:00Z
2026-03-13,FKSCLG,WO-2-2602-000134,2026-02-14,PT. GERBANG CAHAYA UTAMA,222000,114.66632807241524,25455924.832076184,WorkOrder_20260224_699cfeb4e667c2.96137357.xlsx,2026-03-13T10:06:00Z
2026-03-13,FKSCLG,WO-2-2602-000135,2026-02-14,PT. GERBANG CAHAYA UTAMA,74000,114.66632807241524,8485308.277358728,WorkOrder_20260224_699cfeb4e667c2.96137357.xlsx,2026-03-13T10:06:00Z
2026-03-13,FKSCLG,WO-2-2602-000136,2026-02-15,PT SEWU SEGAR NUSANTARA (SUNPRIDE),16000,114.57675732956552,1833228.1172730485,WorkOrder_20260224_699cfeb4e667c2.96137357.xlsx,2026-03-13T10:06:00Z
2026-03-13,FKSCLG,WO-2-2602-000137,2026-02-16,PT. FKS MULTI AGRO TBK,222000,142.0252676490091,31529609.41808002,WorkOrder_20260224_699cfeb4e667c2.96137357.xlsx,2026-03-13T10:06:00Z
2026-03-13,FKSCLG,WO-2-2602-000138,2026-02-16,PT. FKS MULTI AGRO TBK,111000,142.0252676490091,15764804.70904001,WorkOrder_20260224_699cfeb4e667c2.96137357.xlsx,2026-03-13T10:06:00Z
2026-03-13,FKSCLG,WO-2-2602-000139,2026-02-16,PT. GERBANG CAHAYA UTAMA,148000,114.66632807241524,16970616.554717455,WorkOrder_20260224_699cfeb4e667c2.96137357.xlsx,2026-03-13T10:06:00Z
2026-03-13,FKSCLG,WO-2-2602-000140,2026-02-16,PT. FKS FOOD SEJAHTERA TBK,60000,NA,NA,WorkOrder_20260224_699cfeb4e667c2.96137357.xlsx,2026-03-13T10:06:00Z
2026-03-13,FKSCLG,WO-2-2602-000141,2026-02-16,PT COCA-COLA DISTRIBUTION INDONESIA,60000,105.07868383404865,6304721.030042918,WorkOrder_20260224_699cfeb4e667c2.96137357.xlsx,2026-03-13T10:06:00Z
2026-03-13,FKSCLG,WO-2-2602-000142,2026-02-16,PT. FKS MULTI AGRO TBK,74000,142.0252676490091,10509869.806026673,WorkOrder_20260224_699cfeb4e667c2.96137357.xlsx,2026-03-13T10:06:00Z
2026-03-13,FKSCLG,WO-2-2602-000143,2026-02-18,PT. FKS MULTI AGRO TBK,222000,142.0252676490091,31529609.41808002,WorkOrder_20260224_699cfeb4e667c2.96137357.xlsx,2026-03-13T10:06:00Z
2026-03-13,FKSCLG,WO-2-2602-000144,2026-02-18,PT. FKS MULTI AGRO TBK,185000,142.0252676490091,26274674.515066683,WorkOrder_20260224_699cfeb4e667c2.96137357.xlsx,2026-03-13T10:06:00Z
2026-03-13,FKSCLG,WO-2-2602-000145,2026-02-18,PT. GERBANG CAHAYA UTAMA,185000,114.66632807241524,21213270.693396818,WorkOrder_20260224_699cfeb4e667c2.96137357.xlsx,2026-03-13T10:06:00Z
2026-03-13,FKSCLG,WO-2-2602-000146,2026-02-18,PT. FKS MULTI AGRO TBK,60000,142.0252676490091,8521516.058940547,WorkOrder_20260224_699cfeb4e667c2.96137357.xlsx,2026-03-13T10:06:00Z
2026-03-13,FKSCLG,WO-2-2602-000147,2026-02-18,PT. GERBANG CAHAYA UTAMA,74000,114.66632807241524,8485308.277358728,WorkOrder_20260224_699cfeb4e667c2.96137357.xlsx,2026-03-13T10:06:00Z
2026-03-13,FKSCLG,WO-2-2602-000148,2026-02-18,PT COCA-COLA DISTRIBUTION INDONESIA,60000,105.07868383404865,6304721.030042918,WorkOrder_20260224_699cfeb4e667c2.96137357.xlsx,2026-03-13T10:06:00Z
2026-03-13,FKSCLG,WO-2-2602-000149,2026-02-10,PT. FKS MULTI AGRO TBK,20000,142.0252676490091,2840505.352980182,WorkOrder_20260224_699cfeb4e667c2.96137357.xlsx,2026-03-13T10:06:00Z
2026-03-13,FKSCLG,WO-2-2602-000150,2026-02-10,PT. FKS MULTI AGRO TBK,40000,142.0252676490091,5681010.705960364,WorkOrder_20260224_699cfeb4e667c2.96137357.xlsx,2026-03-13T10:06:00Z
2026-03-13,FKSCLG,WO-2-2602-000151,2026-02-11,PT. FKS MULTI AGRO TBK,18000,142.0252676490091,2556454.817682164,WorkOrder_20260224_699cfeb4e667c2.96137357.xlsx,2026-03-13T10:06:00Z
2026-03-13,FKSCLG,WO-2-2602-000152,2026-02-11,PT. FKS MULTI AGRO TBK,180000,142.0252676490091,25564548.176821638,WorkOrder_20260224_699cfeb4e667c2.96137357.xlsx,2026-03-13T10:06:00Z
2026-03-13,FKSCLG,WO-2-2602-000153,2026-02-11,PT. FKS MULTI AGRO TBK,30000,142.0252676490091,4260758.029470273,WorkOrder_20260224_699cfeb4e667c2.96137357.xlsx,2026-03-13T10:06:00Z
2026-03-13,FKSCLG,WO-2-2602-000154,2026-02-11,PT. FKS MULTI AGRO TBK,1500,142.0252676490091,213037.90147351363,WorkOrder_20260224_699cfeb4e667c2.96137357.xlsx,2026-03-13T10:06:00Z
2026-03-13,FKSCLG,WO-2-2602-000155,2026-02-18,PT. FKS MULTI AGRO TBK,185000,142.0252676490091,26274674.515066683,WorkOrder_20260224_699cfeb4e667c2.96137357.xlsx,2026-03-13T10:06:00Z
2026-03-13,FKSCLG,WO-2-2602-000156,2026-02-18,PT. FKS MULTI AGRO TBK,222000,142.0252676490091,31529609.41808002,WorkOrder_20260224_699cfeb4e667c2.96137357.xlsx,2026-03-13T10:06:00Z
2026-03-13,FKSCLG,WO-2-2602-000157,2026-02-18,PT. GERBANG CAHAYA UTAMA,185000,114.66632807241524,21213270.693396818,WorkOrder_20260224_699cfeb4e667c2.96137357.xlsx,2026-03-13T10:06:00Z
2026-03-13,FKSCLG,WO-2-2602-000158,2026-02-11,PT. FKS MULTI AGRO TBK,20000,142.0252676490091,2840505.352980182,WorkOrder_20260224_699cfeb4e667c2.96137357.xlsx,2026-03-13T10:06:00Z
2026-03-13,FKSCLG,WO-2-2602-000159,2026-02-12,PT. FKS MULTI AGRO TBK,80000,142.0252676490091,11362021.411920728,WorkOrder_20260224_699cfeb4e667c2.96137357.xlsx,2026-03-13T10:06:00Z
2026-03-13,FKSCLG,WO-2-2602-000160,2026-02-12,PT. FKS MULTI AGRO TBK,35000,142.0252676490091,4970884.367715319,WorkOrder_20260224_699cfeb4e667c2.96137357.xlsx,2026-03-13T10:06:00Z
2026-03-13,FKSCLG,WO-2-2602-000161,2026-02-13,PT. FKS MULTI AGRO TBK,20000,142.0252676490091,2840505.352980182,WorkOrder_20260224_699cfeb4e667c2.96137357.xlsx,2026-03-13T10:06:00Z
2026-03-13,FKSCLG,WO-2-2602-000162,2026-02-13,PT. FKS MULTI AGRO TBK,20000,142.0252676490091,2840505.352980182,WorkOrder_20260224_699cfeb4e667c2.96137357.xlsx,2026-03-13T10:06:00Z
2026-03-13,FKSCLG,WO-2-2602-000163,2026-02-13,PT. FKS MULTI AGRO TBK,12000,142.0252676490091,1704303.211788109,WorkOrder_20260224_699cfeb4e667c2.96137357.xlsx,2026-03-13T10:06:00Z
2026-03-13,FKSCLG,WO-2-2602-000164,2026-02-13,PT. FKS MULTI AGRO TBK,80000,142.0252676490091,11362021.411920728,WorkOrder_20260224_699cfeb4e667c2.96137357.xlsx,2026-03-13T10:06:00Z
2026-03-13,FKSCLG,WO-2-2602-000165,2026-02-13,PT. FKS MULTI AGRO TBK,36000,142.0252676490091,5112909.635364328,WorkOrder_20260224_699cfeb4e667c2.96137357.xlsx,2026-03-13T10:06:00Z
2026-03-13,FKSCLG,WO-2-2602-000166,2026-02-14,PT. FKS MULTI AGRO TBK,33000,142.0252676490091,4686833.8324173,WorkOrder_20260224_699cfeb4e667c2.96137357.xlsx,2026-03-13T10:06:00Z
2026-03-13,FKSCLG,WO-2-2602-000167,2026-02-16,PT. FKS MULTI AGRO TBK,30000,142.0252676490091,4260758.029470273,WorkOrder_20260224_699cfeb4e667c2.96137357.xlsx,2026-03-13T10:06:00Z
2026-03-13,FKSCLG,WO-2-2602-000168,2026-02-16,PT. FKS MULTI AGRO TBK,20000,142.0252676490091,2840505.352980182,WorkOrder_20260224_699cfeb4e667c2.96137357.xlsx,2026-03-13T10:06:00Z
2026-03-13,FKSCLG,WO-2-2602-000169,2026-02-16,PT. FKS MULTI AGRO TBK,20000,142.0252676490091,2840505.352980182,WorkOrder_20260224_699cfeb4e667c2.96137357.xlsx,2026-03-13T10:06:00Z
2026-03-13,FKSCLG,WO-2-2602-000170,2026-02-16,PT. FKS MULTI AGRO TBK,27000,142.0252676490091,3834682.2265232457,WorkOrder_20260224_699cfeb4e667c2.96137357.xlsx,2026-03-13T10:06:00Z
2026-03-13,FKSCLG,WO-2-2602-000171,2026-02-16,PT. FKS MULTI AGRO TBK,30000,142.0252676490091,4260758.029470273,WorkOrder_20260224_699cfeb4e667c2.96137357.xlsx,2026-03-13T10:06:00Z
2026-03-13,FKSCLG,WO-2-2602-000172,2026-02-16,PT. FKS MULTI AGRO TBK MM KM61,50000,NA,NA,WorkOrder_20260224_699cfeb4e667c2.96137357.xlsx,2026-03-13T10:06:00Z
2026-03-13,FKSCLG,WO-2-2602-000173,2026-02-19,PT. FKS MULTI AGRO TBK,60000,142.0252676490091,8521516.058940547,WorkOrder_20260224_699cfeb4e667c2.96137357.xlsx,2026-03-13T10:06:00Z
2026-03-13,FKSCLG,WO-2-2602-000174,2026-02-14,PT. FKS MULTI AGRO TBK,20000,142.0252676490091,2840505.352980182,WorkOrder_20260224_699cfeb4e667c2.96137357.xlsx,2026-03-13T10:06:00Z
2026-03-13,FKSCLG,WO-2-2602-000175,2026-02-19,PT COCA-COLA DISTRIBUTION INDONESIA,120000,105.07868383404865,12609442.060085837,WorkOrder_20260224_699cfeb4e667c2.96137357.xlsx,2026-03-13T10:06:00Z
2026-03-13,FKSCLG,WO-2-2602-000176,2026-02-19,PT COCA-COLA DISTRIBUTION INDONESIA,1944000,105.07868383404865,204272961.37339056,WorkOrder_20260224_699cfeb4e667c2.96137357.xlsx,2026-03-13T10:06:00Z
2026-03-13,FKSCLG,WO-2-2602-000177,2026-02-20,PT. FKS MULTI AGRO TBK,222000,142.0252676490091,31529609.41808002,WorkOrder_20260224_699cfeb4e667c2.96137357.xlsx,2026-03-13T10:06:00Z
2026-03-13,FKSCLG,WO-2-2602-000178,2026-02-20,PT. FKS MULTI AGRO TBK,185000,142.0252676490091,26274674.515066683,WorkOrder_20260224_699cfeb4e667c2.96137357.xlsx,2026-03-13T10:06:00Z
2026-03-13,FKSCLG,WO-2-2602-000179,2026-02-20,PT. GERBANG CAHAYA UTAMA,148000,114.66632807241524,16970616.554717455,WorkOrder_20260224_699cfeb4e667c2.96137357.xlsx,2026-03-13T10:06:00Z
2026-03-13,FKSCLG,WO-2-2602-000180,2026-02-20,PT LOTTE GLOBAL LOGISTICS INDONESIA,60000,263.2711631147541,15796269.786885245,WorkOrder_20260224_699cfeb4e667c2.96137357.xlsx,2026-03-13T10:06:00Z
2026-03-13,FKSCLG,WO-2-2602-000181,2026-02-20,PT COCA-COLA DISTRIBUTION INDONESIA,120000,105.07868383404865,12609442.060085837,WorkOrder_20260224_699cfeb4e667c2.96137357.xlsx,2026-03-13T10:06:00Z
2026-03-13,FKSCLG,WO-2-2602-000182,2026-02-20,PT COCA-COLA DISTRIBUTION INDONESIA,120000,105.07868383404865,12609442.060085837,WorkOrder_20260224_699cfeb4e667c2.96137357.xlsx,2026-03-13T10:06:00Z
2026-03-13,FKSCLG,WO-2-2602-000183,2026-02-21,PT. FKS MULTI AGRO TBK,259000,142.0252676490091,36784544.32109336,WorkOrder_20260224_699cfeb4e667c2.96137357.xlsx,2026-03-13T10:06:00Z
2026-03-13,FKSCLG,WO-2-2602-000184,2026-02-21,PT. GERBANG CAHAYA UTAMA,296000,114.66632807241524,33941233.10943491,WorkOrder_20260224_699cfeb4e667c2.96137357.xlsx,2026-03-13T10:06:00Z
2026-03-13,FKSCLG,WO-2-2602-000185,2026-02-21,PT. FKS MULTI AGRO TBK,185000,142.0252676490091,26274674.515066683,WorkOrder_20260224_699cfeb4e667c2.96137357.xlsx,2026-03-13T10:06:00Z
2026-03-13,FKSCLG,WO-2-2602-000186,2026-02-21,PT COCA-COLA DISTRIBUTION INDONESIA,120000,105.07868383404865,12609442.060085837,WorkOrder_20260224_699cfeb4e667c2.96137357.xlsx,2026-03-13T10:06:00Z
2026-03-13,FKSCLG,WO-2-2602-000187,2026-02-21,PT COCA-COLA DISTRIBUTION INDONESIA,120000,105.07868383404865,12609442.060085837,WorkOrder_20260224_699cfeb4e667c2.96137357.xlsx,2026-03-13T10:06:00Z
2026-03-13,FKSCLG,WO-2-2602-000188,2026-02-22,PT COCA-COLA DISTRIBUTION INDONESIA,180000,105.07868383404865,18914163.090128757,WorkOrder_20260224_699cfeb4e667c2.96137357.xlsx,2026-03-13T10:06:00Z
2026-03-13,FKSCLG,WO-2-2602-000189,2026-02-22,PT COCA-COLA DISTRIBUTION INDONESIA,64000,105.07868383404865,6725035.765379113,WorkOrder_20260224_699cfeb4e667c2.96137357.xlsx,2026-03-13T10:06:00Z
2026-03-13,FKSCLG,WO-2-2602-000190,2026-02-23,PT. FKS MULTI AGRO TBK,231000,142.0252676490091,32807836.8269211,WorkOrder_20260224_699cfeb4e667c2.96137357.xlsx,2026-03-13T10:06:00Z
2026-03-13,FKSCLG,WO-2-2602-000191,2026-02-23,PT. FKS MULTI AGRO TBK,264000,142.0252676490091,37494670.6593384,WorkOrder_20260224_699cfeb4e667c2.96137357.xlsx,2026-03-13T10:06:00Z
2026-03-13,FKSCLG,WO-2-2602-000192,2026-02-23,PT. GERBANG CAHAYA UTAMA,198000,114.66632807241524,22703932.958338216,WorkOrder_20260224_699cfeb4e667c2.96137357.xlsx,2026-03-13T10:06:00Z
2026-03-13,FKSCLG,WO-2-2602-000193,2026-02-23,PT COCA-COLA DISTRIBUTION INDONESIA,150000,105.07868383404865,15761802.575107297,WorkOrder_20260224_699cfeb4e667c2.96137357.xlsx,2026-03-13T10:06:00Z
2026-03-13,FKSCLG,WO-2-2602-000194,2026-02-12,PT. FKS MULTI AGRO TBK,20000,142.0252676490091,2840505.352980182,WorkOrder_20260224_699cfeb4e667c2.96137357.xlsx,2026-03-13T10:06:00Z
2026-03-13,FKSCLG,WO-2-2602-000195,2026-02-14,PT. FKS MULTI AGRO TBK,20000,142.0252676490091,2840505.352980182,WorkOrder_20260224_699cfeb4e667c2.96137357.xlsx,2026-03-13T10:06:00Z
2026-03-13,FKSCLG,WO-2-2602-000196,2026-02-18,PT. FKS MULTI AGRO TBK,32000,142.0252676490091,4544808.564768291,WorkOrder_20260224_699cfeb4e667c2.96137357.xlsx,2026-03-13T10:06:00Z
2026-03-13,FKSCLG,WO-2-2602-000197,2026-02-18,PT. FKS MULTI AGRO TBK,46000,142.0252676490091,6533162.311854418,WorkOrder_20260224_699cfeb4e667c2.96137357.xlsx,2026-03-13T10:06:00Z
2026-03-13,FKSCLG,WO-2-2602-000198,2026-02-18,PT. FKS MULTI AGRO TBK,32000,142.0252676490091,4544808.564768291,WorkOrder_20260224_699cfeb4e667c2.96137357.xlsx,2026-03-13T10:06:00Z
2026-03-13,FKSCLG,WO-2-2602-000199,2026-02-19,PT. FKS MULTI AGRO TBK,300000,142.0252676490091,42607580.29470273,WorkOrder_20260224_699cfeb4e667c2.96137357.xlsx,2026-03-13T10:06:00Z
2026-03-13,FKSCLG,WO-2-2602-000200,2026-02-18,PT. FKS MULTI AGRO TBK,30000,142.0252676490091,4260758.029470273,WorkOrder_20260224_699cfeb4e667c2.96137357.xlsx,2026-03-13T10:06:00Z
2026-03-13,FKSCLG,WO-2-2602-000201,2026-02-18,PT. FKS MULTI AGRO TBK,25000,142.0252676490091,3550631.6912252274,WorkOrder_20260224_699cfeb4e667c2.96137357.xlsx,2026-03-13T10:06:00Z
2026-03-13,FKSCLG,WO-2-2602-000202,2026-02-20,PT. FKS MULTI AGRO TBK,20000,142.0252676490091,2840505.352980182,WorkOrder_20260224_699cfeb4e667c2.96137357.xlsx,2026-03-13T10:06:00Z
2026-03-13,FKSCLG,WO-2-2602-000203,2026-02-23,PT COCA-COLA DISTRIBUTION INDONESIA,180000,105.07868383404865,18914163.090128757,WorkOrder_20260224_699cfeb4e667c2.96137357.xlsx,2026-03-13T10:06:00Z
2026-03-13,FKSCLG,WO-2-2602-000204,2026-02-23,PT. FKS MULTI AGRO TBK,45000,142.0252676490091,6391137.0442054095,WorkOrder_20260224_699cfeb4e667c2.96137357.xlsx,2026-03-13T10:06:00Z
2026-03-13,FKSCLG,WO-2-2602-000205,2026-02-23,PT COCA-COLA DISTRIBUTION INDONESIA,66000,105.07868383404865,6935193.133047211,WorkOrder_20260224_699cfeb4e667c2.96137357.xlsx,2026-03-13T10:06:00Z
2026-03-13,FKSCLG,WO-2-2602-000206,2026-02-23,PT. ARENA AGRO ANDALAN,60000,159.21104724964738,9552662.834978843,WorkOrder_20260224_699cfeb4e667c2.96137357.xlsx,2026-03-13T10:06:00Z
2026-03-13,FKSCLG,WO-2-2602-000207,2026-02-24,PT. FKS MULTI AGRO TBK,297000,142.0252676490091,42181504.4917557,WorkOrder_20260224_699cfeb4e667c2.96137357.xlsx,2026-03-13T10:06:00Z
2026-03-13,FKSCLG,WO-2-2602-000208,2026-02-24,PT. FKS MULTI AGRO TBK,231000,142.0252676490091,32807836.8269211,WorkOrder_20260224_699cfeb4e667c2.96137357.xlsx,2026-03-13T10:06:00Z
2026-03-13,FKSCLG,WO-2-2602-000209,2026-02-24,PT. GERBANG CAHAYA UTAMA,231000,114.66632807241524,26487921.78472792,WorkOrder_20260224_699cfeb4e667c2.96137357.xlsx,2026-03-13T10:06:00Z
2026-03-13,FKSCLG,WO-2-2602-000210,2026-02-24,PT LOTTE GLOBAL LOGISTICS INDONESIA,60000,263.2711631147541,15796269.786885245,WorkOrder_20260224_699cfeb4e667c2.96137357.xlsx,2026-03-13T10:06:00Z
2026-03-13,FKSCLG,WO-2-2602-000211,2026-02-24,PT COCA-COLA DISTRIBUTION INDONESIA,66000,105.07868383404865,6935193.133047211,WorkOrder_20260225_699e4a5bf1bd04.24495065.xlsx,2026-03-13T10:06:00Z
2026-03-13,FKSCLG,WO-2-2602-000212,2026-02-24,PT COCA-COLA DISTRIBUTION INDONESIA,120000,105.07868383404865,12609442.060085837,WorkOrder_20260225_699e4a5bf1bd04.24495065.xlsx,2026-03-13T10:06:00Z
2026-03-13,FKSCLG,WO-2-2602-000213,2026-02-24,PT COCA-COLA DISTRIBUTION INDONESIA,120000,105.07868383404865,12609442.060085837,WorkOrder_20260225_699e4a5bf1bd04.24495065.xlsx,2026-03-13T10:06:00Z
2026-03-13,FKSCLG,WO-2-2602-000214,2026-02-24,PT. PERMATA FOOD INDONESIA,25000,223.4018141276817,5585045.353192043,WorkOrder_20260225_699e4a5bf1bd04.24495065.xlsx,2026-03-13T10:06:00Z
2026-03-13,FKSCLG,WO-2-2602-000215,2026-02-24,PT COCA-COLA DISTRIBUTION INDONESIA,90000,105.07868383404865,9457081.545064379,WorkOrder_20260225_699e4a5bf1bd04.24495065.xlsx,2026-03-13T10:06:00Z
2026-03-13,FKSCLG,WO-2-2602-000216,2026-02-24,PT. FKS MULTI AGRO TBK,231000,142.0252676490091,32807836.8269211,WorkOrder_20260225_699e4a5bf1bd04.24495065.xlsx,2026-03-13T10:06:00Z
2026-03-13,FKSCLG,WO-2-2602-000217,2026-02-25,PT. FKS MULTI AGRO TBK,297000,142.0252676490091,42181504.4917557,WorkOrder_20260225_699e4a5bf1bd04.24495065.xlsx,2026-03-13T10:06:00Z
2026-03-13,FKSCLG,WO-2-2602-000218,2026-02-25,PT. GERBANG CAHAYA UTAMA,231000,114.66632807241524,26487921.78472792,WorkOrder_20260225_699e4a5bf1bd04.24495065.xlsx,2026-03-13T10:06:00Z
2026-03-13,FKSCLG,WO-2-2602-000219,2026-02-25,PT LOTTE GLOBAL LOGISTICS INDONESIA,165000,263.2711631147541,43439741.913934425,WorkOrder_20260225_699e4a5bf1bd04.24495065.xlsx,2026-03-13T10:06:00Z
2026-03-13,FKSCLG,WO-2-2602-000220,2026-02-25,PT. CARGILL INDONESIA,66000,93.775597269624555,6189189.419795221,WorkOrder_20260225_699e4a5bf1bd04.24495065.xlsx,2026-03-13T10:06:00Z
2026-03-13,FKSCLG,WO-2-2602-000221,2026-02-25,PT COCA-COLA DISTRIBUTION INDONESIA,132000,105.07868383404865,13870386.266094422,WorkOrder_20260225_699e4a5bf1bd04.24495065.xlsx,2026-03-13T10:06:00Z
2026-03-13,FKSCLG,WO-2-2602-000222,2026-02-25,PT COCA-COLA DISTRIBUTION INDONESIA,99000,105.07868383404865,10402789.699570816,WorkOrder_20260226_699fa5d41f1789.07185266.xlsx,2026-03-13T10:06:00Z
2026-03-13,FKSCLG,WO-2-2602-000223,2026-02-20,PT. FKS MULTI AGRO TBK,20000,142.0252676490091,2840505.352980182,WorkOrder_20260226_699fa5d41f1789.07185266.xlsx,2026-03-13T10:06:00Z
2026-03-13,FKSCLG,WO-2-2602-000224,2026-02-21,PT. FKS MULTI AGRO TBK,45000,142.0252676490091,6391137.0442054095,WorkOrder_20260226_699fa5d41f1789.07185266.xlsx,2026-03-13T10:06:00Z
2026-03-13,FKSCLG,WO-2-2602-000225,2026-02-21,PT. FKS MULTI AGRO TBK,20000,142.0252676490091,2840505.352980182,WorkOrder_20260226_699fa5d41f1789.07185266.xlsx,2026-03-13T10:06:00Z
2026-03-13,FKSCLG,WO-2-2602-000227,2026-02-25,PT COCA-COLA DISTRIBUTION INDONESIA,90000,105.07868383404865,9457081.545064379,WorkOrder_20260226_699fa5d41f1789.07185266.xlsx,2026-03-13T10:06:00Z
2026-03-13,FKSCLG,WO-2-2602-000228,2026-02-25,PT COCA-COLA DISTRIBUTION INDONESIA,120000,105.07868383404865,12609442.060085837,WorkOrder_20260226_699fa5d41f1789.07185266.xlsx,2026-03-13T10:06:00Z
2026-03-13,FKSCLG,WO-2-2602-000229,2026-02-26,PT. GERBANG CAHAYA UTAMA,198000,114.66632807241524,22703932.958338216,WorkOrder_20260226_699fa5d41f1789.07185266.xlsx,2026-03-13T10:06:00Z
2026-03-13,FKSCLG,WO-2-2602-000230,2026-02-26,PT LOTTE GLOBAL LOGISTICS INDONESIA,132000,263.2711631147541,34751793.53114754,WorkOrder_20260226_699fa5d41f1789.07185266.xlsx,2026-03-13T10:06:00Z
2026-03-13,FKSCLG,WO-2-2602-000231,2026-02-26,PT. FKS MULTI AGRO TBK,66000,142.0252676490091,9373667.6648346,WorkOrder_20260226_699fa5d41f1789.07185266.xlsx,2026-03-13T10:06:00Z
2026-03-13,FKSCLG,WO-2-2602-000232,2026-02-26,PT. FKS MULTI AGRO TBK,264000,142.0252676490091,37494670.6593384,WorkOrder_20260226_699fa5d41f1789.07185266.xlsx,2026-03-13T10:06:00Z
2026-03-13,FKSCLG,WO-2-2602-000233,2026-02-26,PT. FKS MULTI AGRO TBK,132000,142.0252676490091,18747335.3296692,WorkOrder_20260226_699fa5d41f1789.07185266.xlsx,2026-03-13T10:06:00Z
2026-03-13,FKSCLG,WO-2-2602-000234,2026-02-26,PT. FKS MULTI AGRO TBK,2000,142.0252676490091,284050.5352980182,WorkOrder_20260227_69a0e63aa6be10.68310499.xlsx,2026-03-13T10:06:00Z
2026-03-13,FKSCLG,WO-2-2602-000235,2026-02-26,PT COCA-COLA DISTRIBUTION INDONESIA,125,105.07868383404865,13134.83547925608,WorkOrder_20260227_69a0e63aa6be10.68310499.xlsx,2026-03-13T10:06:00Z
2026-03-13,FKSCLG,WO-2-2602-000236,2026-02-26,PT COCA-COLA DISTRIBUTION INDONESIA,120000,105.07868383404865,12609442.060085837,WorkOrder_20260227_69a0e63aa6be10.68310499.xlsx,2026-03-13T10:06:00Z
2026-03-13,FKSCLG,WO-2-2602-000237,2026-02-26,PT COCA-COLA DISTRIBUTION INDONESIA,120000,105.07868383404865,12609442.060085837,WorkOrder_20260227_69a0e63aa6be10.68310499.xlsx,2026-03-13T10:06:00Z
2026-03-13,FKSCLG,WO-2-2602-000238,2026-02-26,PT COCA-COLA DISTRIBUTION INDONESIA,90000,105.07868383404865,9457081.545064379,WorkOrder_20260227_69a0e63aa6be10.68310499.xlsx,2026-03-13T10:06:00Z
2026-03-13,FKSCLG,WO-2-2602-000239,2026-02-27,PT. FKS MULTI AGRO TBK,165000,142.0252676490091,23434169.1620865,WorkOrder_20260227_69a0e63aa6be10.68310499.xlsx,2026-03-13T10:06:00Z
2026-03-13,FKSCLG,WO-2-2602-000240,2026-02-27,PT. FKS MULTI AGRO TBK,231000,142.0252676490091,32807836.8269211,WorkOrder_20260227_69a0e63aa6be10.68310499.xlsx,2026-03-13T10:06:00Z
2026-03-13,FKSCLG,WO-2-2602-000241,2026-02-27,PT. GERBANG CAHAYA UTAMA,165000,114.66632807241524,18919944.131948516,WorkOrder_20260227_69a0e63aa6be10.68310499.xlsx,2026-03-13T10:06:00Z
2026-03-13,FKSCLG,WO-2-2602-000242,2026-02-27,PT LOTTE GLOBAL LOGISTICS INDONESIA,165000,263.2711631147541,43439741.913934425,WorkOrder_20260227_69a0e63aa6be10.68310499.xlsx,2026-03-13T10:06:00Z
2026-03-13,FKSCLG,WO-2-2603-000001,2026-03-02,PT. CARGILL INDONESIA,66000,93.775597269624555,6189189.419795221,WorkOrder_20260304_69a79cfa00b434.31927688.xlsx,2026-03-13T10:06:00Z
2026-03-13,FKSCLG,WO-2-2603-000002,2026-03-02,PT. BUNGASARI FLOUR MILLS INDONESIA,80000,191.2258291689186,15298066.333513489,WorkOrder_20260304_69a79cfa00b434.31927688.xlsx,2026-03-13T10:06:00Z
2026-03-13,FKSCLG,WO-2-2603-000003,2026-03-02,PT LOTTE GLOBAL LOGISTICS INDONESIA,132000,263.2711631147541,34751793.53114754,WorkOrder_20260304_69a79cfa00b434.31927688.xlsx,2026-03-13T10:06:00Z
2026-03-13,FKSCLG,WO-2-2603-000004,2026-03-02,PT. FKS MULTI AGRO TBK,165000,142.0252676490091,23434169.1620865,WorkOrder_20260304_69a79cfa00b434.31927688.xlsx,2026-03-13T10:06:00Z
2026-03-13,FKSCLG,WO-2-2603-000005,2026-03-02,PT. FKS MULTI AGRO TBK,165000,142.0252676490091,23434169.1620865,WorkOrder_20260304_69a79cfa00b434.31927688.xlsx,2026-03-13T10:06:00Z
2026-03-13,FKSCLG,WO-2-2603-000006,2026-03-02,PT. GERBANG CAHAYA UTAMA,165000,114.66632807241524,18919944.131948516,WorkOrder_20260304_69a79cfa00b434.31927688.xlsx,2026-03-13T10:06:00Z
2026-03-13,FKSCLG,WO-2-2603-000007,2026-03-02,PT SEWU SEGAR NUSANTARA (SUNPRIDE),16000,114.57675732956552,1833228.1172730485,WorkOrder_20260304_69a79cfa00b434.31927688.xlsx,2026-03-13T10:06:00Z
2026-03-13,FKSCLG,WO-2-2603-000008,2026-03-02,PT COCA-COLA DISTRIBUTION INDONESIA,120000,105.07868383404865,12609442.060085837,WorkOrder_20260304_69a79cfa00b434.31927688.xlsx,2026-03-13T10:06:00Z
2026-03-13,FKSCLG,WO-2-2603-000009,2026-03-02,PT. GERBANG CAHAYA UTAMA,74000,114.66632807241524,8485308.277358728,WorkOrder_20260304_69a79cfa00b434.31927688.xlsx,2026-03-13T10:06:00Z
2026-03-13,FKSCLG,WO-2-2603-000011,2026-03-02,PT. ARENA AGRO ANDALAN,90000,159.21104724964738,14328994.252468264,WorkOrder_20260304_69a79cfa00b434.31927688.xlsx,2026-03-13T10:06:00Z
2026-03-13,FKSCLG,WO-2-2603-000012,2026-03-03,PT FOKUS RITEL INDOPRIMA,8000,141.17523673636137,1129401.893890891,WorkOrder_20260304_69a79cfa00b434.31927688.xlsx,2026-03-13T10:06:00Z
2026-03-13,FKSCLG,WO-2-2603-000013,2026-03-03,PT. CARGILL INDONESIA,66000,93.775597269624555,6189189.419795221,WorkOrder_20260304_69a79cfa00b434.31927688.xlsx,2026-03-13T10:06:00Z
2026-03-13,FKSCLG,WO-2-2603-000014,2026-03-03,PT PERMATA DUNIA SUKSES UTAMA,66000,129.1662248144221,8524970.837751858,WorkOrder_20260304_69a79cfa00b434.31927688.xlsx,2026-03-13T10:06:00Z
2026-03-13,FKSCLG,WO-2-2603-000015,2026-03-03,PT. FKS MULTI AGRO TBK,165000,142.0252676490091,23434169.1620865,WorkOrder_20260304_69a79cfa00b434.31927688.xlsx,2026-03-13T10:06:00Z
2026-03-13,FKSCLG,WO-2-2603-000016,2026-03-03,PT. GERBANG CAHAYA UTAMA,165000,114.66632807241524,18919944.131948516,WorkOrder_20260304_69a79cfa00b434.31927688.xlsx,2026-03-13T10:06:00Z
2026-03-13,FKSCLG,WO-2-2603-000017,2026-03-03,PT. FKS MULTI AGRO TBK,165000,142.0252676490091,23434169.1620865,WorkOrder_20260304_69a79cfa00b434.31927688.xlsx,2026-03-13T10:06:00Z
2026-03-13,FKSCLG,WO-2-2603-000018,2026-03-03,PT. GERBANG CAHAYA UTAMA,66000,114.66632807241524,7567977.652779406,WorkOrder_20260304_69a79cfa00b434.31927688.xlsx,2026-03-13T10:06:00Z
2026-03-13,FKSCLG,WO-2-2603-000020,2026-03-03,PT COCA-COLA DISTRIBUTION INDONESIA,100000,105.07868383404865,10507868.383404864,WorkOrder_20260304_69a79cfa00b434.31927688.xlsx,2026-03-13T10:06:00Z
2026-03-13,FKSCLG,WO-2-2603-000021,2026-03-04,PT SEWU SEGAR NUSANTARA (SUNPRIDE),16000,114.57675732956552,1833228.1172730485,WorkOrder_20260304_69a79cfa00b434.31927688.xlsx,2026-03-13T10:06:00Z
2026-03-13,FKSCLG,WO-2-2603-000022,2026-03-04,PT. CARGILL INDONESIA,66000,93.775597269624555,6189189.419795221,WorkOrder_20260304_69a79cfa00b434.31927688.xlsx,2026-03-13T10:06:00Z
2026-03-13,FKSCLG,WO-2-2603-000023,2026-03-04,PT. GERBANG CAHAYA UTAMA,231000,114.66632807241524,26487921.78472792,WorkOrder_20260304_69a79cfa00b434.31927688.xlsx,2026-03-13T10:06:00Z
2026-03-13,FKSCLG,WO-2-2603-000024,2026-03-04,PT. FKS MULTI AGRO TBK,231000,142.0252676490091,32807836.8269211,WorkOrder_20260304_69a79cfa00b434.31927688.xlsx,2026-03-13T10:06:00Z
2026-03-13,FKSCLG,WO-2-2603-000025,2026-03-04,PT. FKS MULTI AGRO TBK,198000,142.0252676490091,28121002.9945038,WorkOrder_20260304_69a79cfa00b434.31927688.xlsx,2026-03-13T10:06:00Z
2026-03-13,FKSCLG,WO-2-2603-000026,2026-03-04,PT LOTTE GLOBAL LOGISTICS INDONESIA,60000,263.2711631147541,15796269.786885245,WorkOrder_20260309_69ae2dac94f3a4.70043454.xlsx,2026-03-13T10:06:00Z
2026-03-13,FKSCLG,WO-2-2603-000027,2026-03-04,PT COCA-COLA DISTRIBUTION INDONESIA,80000,105.07868383404865,8406294.706723891,WorkOrder_20260309_69ae2dac94f3a4.70043454.xlsx,2026-03-13T10:06:00Z
2026-03-13,FKSCLG,WO-2-2603-000028,2026-03-04,PT DIMA INDONESIA,27000,NA,NA,WorkOrder_20260309_69ae2dac94f3a4.70043454.xlsx,2026-03-13T10:06:00Z
2026-03-13,FKSCLG,WO-2-2603-000029,2026-03-05,PT. CARGILL INDONESIA,66000,93.775597269624555,6189189.419795221,WorkOrder_20260309_69ae2dac94f3a4.70043454.xlsx,2026-03-13T10:06:00Z
2026-03-13,FKSCLG,WO-2-2603-000030,2026-03-05,PT. GERBANG CAHAYA UTAMA,231000,114.66632807241524,26487921.78472792,WorkOrder_20260309_69ae2dac94f3a4.70043454.xlsx,2026-03-13T10:06:00Z
2026-03-13,FKSCLG,WO-2-2603-000031,2026-03-05,PT. FKS MULTI AGRO TBK,165000,142.0252676490091,23434169.1620865,WorkOrder_20260309_69ae2dac94f3a4.70043454.xlsx,2026-03-13T10:06:00Z
2026-03-13,FKSCLG,WO-2-2603-000032,2026-03-05,PT. FKS MULTI AGRO TBK,198000,142.0252676490091,28121002.9945038,WorkOrder_20260309_69ae2dac94f3a4.70043454.xlsx,2026-03-13T10:06:00Z
2026-03-13,FKSCLG,WO-2-2603-000033,2026-03-02,PT. FKS MULTI AGRO TBK,90000,142.0252676490091,12782274.088410819,WorkOrder_20260309_69ae2dac94f3a4.70043454.xlsx,2026-03-13T10:06:00Z
2026-03-13,FKSCLG,WO-2-2603-000034,2026-03-02,PT. FKS MULTI AGRO TBK,114000,142.0252676490091,16190880.511987036,WorkOrder_20260309_69ae2dac94f3a4.70043454.xlsx,2026-03-13T10:06:00Z
2026-03-13,FKSCLG,WO-2-2603-000035,2026-03-02,PT. FKS MULTI AGRO TBK,20000,142.0252676490091,2840505.352980182,WorkOrder_20260309_69ae2dac94f3a4.70043454.xlsx,2026-03-13T10:06:00Z
2026-03-13,FKSCLG,WO-2-2603-000036,2026-03-02,PT. FKS MULTI AGRO TBK,30000,142.0252676490091,4260758.029470273,WorkOrder_20260309_69ae2dac94f3a4.70043454.xlsx,2026-03-13T10:06:00Z
2026-03-13,FKSCLG,WO-2-2603-000037,2026-03-02,PT. FKS MULTI AGRO TBK,25000,142.0252676490091,3550631.6912252274,WorkOrder_20260309_69ae2dac94f3a4.70043454.xlsx,2026-03-13T10:06:00Z
2026-03-13,FKSCLG,WO-2-2603-000038,2026-03-02,PT. FKS MULTI AGRO TBK,30000,142.0252676490091,4260758.029470273,WorkOrder_20260309_69ae2dac94f3a4.70043454.xlsx,2026-03-13T10:06:00Z
2026-03-13,FKSCLG,WO-2-2603-000040,2026-03-03,PT. FKS MULTI AGRO TBK,17000,142.0252676490091,2414429.5500331544,WorkOrder_20260309_69ae2dac94f3a4.70043454.xlsx,2026-03-13T10:06:00Z
2026-03-13,FKSCLG,WO-2-2603-000041,2026-03-03,PT. FKS MULTI AGRO TBK,420000,142.0252676490091,59650612.41258382,WorkOrder_20260309_69ae2dac94f3a4.70043454.xlsx,2026-03-13T10:06:00Z
2026-03-13,FKSCLG,WO-2-2603-000042,2026-03-04,PT. FKS MULTI AGRO TBK,270000,142.0252676490091,38346822.26523246,WorkOrder_20260309_69ae2dac94f3a4.70043454.xlsx,2026-03-13T10:06:00Z
2026-03-13,FKSCLG,WO-2-2603-000043,2026-03-03,PT. FKS MULTI AGRO TBK,20000,142.0252676490091,2840505.352980182,WorkOrder_20260309_69ae2dac94f3a4.70043454.xlsx,2026-03-13T10:06:00Z
2026-03-13,FKSCLG,WO-2-2603-000044,2026-03-03,PT. FKS MULTI AGRO TBK,30000,142.0252676490091,4260758.029470273,WorkOrder_20260309_69ae2dac94f3a4.70043454.xlsx,2026-03-13T10:06:00Z
2026-03-13,FKSCLG,WO-2-2603-000045,2026-03-03,PT. FKS MULTI AGRO TBK,30000,142.0252676490091,4260758.029470273,WorkOrder_20260309_69ae2dac94f3a4.70043454.xlsx,2026-03-13T10:06:00Z
2026-03-13,FKSCLG,WO-2-2603-000046,2026-03-06,PT. CARGILL INDONESIA,66000,93.775597269624555,6189189.419795221,WorkOrder_20260309_69ae2dac94f3a4.70043454.xlsx,2026-03-13T10:06:00Z
2026-03-13,FKSCLG,WO-2-2603-000047,2026-03-06,PT. FKS MULTI AGRO TBK,99000,142.0252676490091,14060501.4972519,WorkOrder_20260309_69ae2dac94f3a4.70043454.xlsx,2026-03-13T10:06:00Z
2026-03-13,FKSCLG,WO-2-2603-000048,2026-03-06,PT. FKS MULTI AGRO TBK,132000,142.0252676490091,18747335.3296692,WorkOrder_20260309_69ae2dac94f3a4.70043454.xlsx,2026-03-13T10:06:00Z
2026-03-13,FKSCLG,WO-2-2603-000049,2026-03-06,PT. GERBANG CAHAYA UTAMA,99000,114.66632807241524,11351966.479169108,WorkOrder_20260309_69ae2dac94f3a4.70043454.xlsx,2026-03-13T10:06:00Z
2026-03-13,FKSCLG,WO-2-2603-000050,2026-03-06,PT LOTTE GLOBAL LOGISTICS INDONESIA,198000,263.2711631147541,52127690.29672131,WorkOrder_20260309_69ae2dac94f3a4.70043454.xlsx,2026-03-13T10:06:00Z
2026-03-13,FKSCLG,WO-2-2603-000051,2026-03-03,PT. FKS MULTI AGRO TBK,40000,142.0252676490091,5681010.705960364,WorkOrder_20260309_69ae2dac94f3a4.70043454.xlsx,2026-03-13T10:06:00Z
2026-03-13,FKSCLG,WO-2-2603-000052,2026-03-04,PT. FKS MULTI AGRO TBK,20000,142.0252676490091,2840505.352980182,WorkOrder_20260309_69ae2dac94f3a4.70043454.xlsx,2026-03-13T10:06:00Z
2026-03-13,FKSCLG,WO-2-2603-000053,2026-03-03,PT. FKS MULTI AGRO TBK,20000,142.0252676490091,2840505.352980182,WorkOrder_20260309_69ae2dac94f3a4.70043454.xlsx,2026-03-13T10:06:00Z
2026-03-13,FKSCLG,WO-2-2603-000054,2026-03-03,PT. FKS MULTI AGRO TBK,47000,142.0252676490091,6675187.579503427,WorkOrder_20260309_69ae2dac94f3a4.70043454.xlsx,2026-03-13T10:06:00Z
2026-03-13,FKSCLG,WO-2-2603-000055,2026-03-03,PT. FKS MULTI AGRO TBK,20000,142.0252676490091,2840505.352980182,WorkOrder_20260309_69ae2dac94f3a4.70043454.xlsx,2026-03-13T10:06:00Z
2026-03-13,FKSCLG,WO-2-2603-000056,2026-03-03,PT. FKS MULTI AGRO TBK,258000,142.0252676490091,36642519.05344435,WorkOrder_20260309_69ae2dac94f3a4.70043454.xlsx,2026-03-13T10:06:00Z
2026-03-13,FKSCLG,WO-2-2603-000057,2026-03-05,PT. FKS MULTI AGRO TBK,25000,142.0252676490091,3550631.6912252274,WorkOrder_20260309_69ae2dac94f3a4.70043454.xlsx,2026-03-13T10:06:00Z
2026-03-13,FKSCLG,WO-2-2603-000058,2026-03-05,PT. FKS MULTI AGRO TBK,18000,142.0252676490091,2556454.817682164,WorkOrder_20260309_69ae2dac94f3a4.70043454.xlsx,2026-03-13T10:06:00Z
2026-03-13,FKSCLG,WO-2-2603-000059,2026-03-04,PT. FKS MULTI AGRO TBK,33000,142.0252676490091,4686833.8324173,WorkOrder_20260309_69ae2dac94f3a4.70043454.xlsx,2026-03-13T10:06:00Z
2026-03-13,FKSCLG,WO-2-2603-000060,2026-03-04,PT. FKS MULTI AGRO TBK,27000,142.0252676490091,3834682.2265232457,WorkOrder_20260309_69ae2dac94f3a4.70043454.xlsx,2026-03-13T10:06:00Z
2026-03-13,FKSCLG,WO-2-2603-000061,2026-03-06,PT COCA-COLA DISTRIBUTION INDONESIA,165000,105.07868383404865,17337982.832618028,WorkOrder_20260309_69ae2dac94f3a4.70043454.xlsx,2026-03-13T10:06:00Z
2026-03-13,FKSCLG,WO-2-2603-000062,2026-03-07,PT. GERBANG CAHAYA UTAMA,222000,114.66632807241524,25455924.832076184,WorkOrder_20260309_69ae2dac94f3a4.70043454.xlsx,2026-03-13T10:06:00Z
2026-03-13,FKSCLG,WO-2-2603-000063,2026-03-07,PT LOTTE GLOBAL LOGISTICS INDONESIA,250000,263.2711631147541,65817790.77868852,WorkOrder_20260309_69ae2dac94f3a4.70043454.xlsx,2026-03-13T10:06:00Z
2026-03-13,FKSCLG,WO-2-2603-000064,2026-03-07,PT DUTA SENTOSA YASA (MR DIY),30000,273.5965853658537,8207897.56097561,WorkOrder_20260309_69ae2dac94f3a4.70043454.xlsx,2026-03-13T10:06:00Z
2026-03-13,FKSCLG,WO-2-2603-000065,2026-03-07,PT. BUNGASARI FLOUR MILLS INDONESIA,150000,191.2258291689186,28683874.37533779,WorkOrder_20260309_69ae2dac94f3a4.70043454.xlsx,2026-03-13T10:06:00Z
2026-03-13,FKSCLG,WO-2-2603-000066,2026-03-07,PT. PERMATA FOOD INDONESIA,15000,223.4018141276817,3351027.2119152253,WorkOrder_20260309_69ae2dac94f3a4.70043454.xlsx,2026-03-13T10:06:00Z
2026-03-13,FKSCLG,WO-2-2603-000067,2026-03-07,PT SEWU SEGAR NUSANTARA (SUNPRIDE),15000,114.57675732956552,1718651.3599434828,WorkOrder_20260309_69ae2dac94f3a4.70043454.xlsx,2026-03-13T10:06:00Z
2026-03-13,FKSCLG,WO-2-2603-000069,2026-03-07,PT DIMA INDONESIA,27000,NA,NA,WorkOrder_20260309_69ae2dac94f3a4.70043454.xlsx,2026-03-13T10:06:00Z
2026-03-13,FKSCLG,WO-2-2603-000070,2026-03-09,PT DUTA SENTOSA YASA (MR DIY),30000,273.5965853658537,8207897.56097561,WorkOrder_20260309_69ae2dac94f3a4.70043454.xlsx,2026-03-13T10:06:00Z
2026-03-13,FKSCLG,WO-2-2603-000071,2026-03-09,PT. CARGILL INDONESIA,60000,93.775597269624555,5626535.836177473,WorkOrder_20260309_69ae2dac94f3a4.70043454.xlsx,2026-03-13T10:06:00Z
2026-03-13,FKSCLG,WO-2-2603-000072,2026-03-09,PT. BUNGASARI FLOUR MILLS INDONESIA,150000,191.2258291689186,28683874.37533779,WorkOrder_20260309_69ae2dac94f3a4.70043454.xlsx,2026-03-13T10:06:00Z
2026-03-13,FKSCLG,WO-2-2603-000073,2026-03-09,PT COCA-COLA DISTRIBUTION INDONESIA,150000,105.07868383404865,15761802.575107297,WorkOrder_20260309_69ae2dac94f3a4.70043454.xlsx,2026-03-13T10:06:00Z
2026-03-13,FKSCLG,WO-2-2603-000074,2026-03-09,PT. GERBANG CAHAYA UTAMA,250000,114.66632807241524,28666582.01810381,WorkOrder_20260309_69ae2dac94f3a4.70043454.xlsx,2026-03-13T10:06:00Z
2026-03-13,FKSCLG,WO-2-2603-000075,2026-03-09,PT. FKS MULTI AGRO TBK,350000,142.0252676490091,49708843.677153185,WorkOrder_20260309_69ae2dac94f3a4.70043454.xlsx,2026-03-13T10:06:00Z
2026-03-13,FKSCLG,WO-2-2603-000076,2026-03-09,PT LOTTE GLOBAL LOGISTICS INDONESIA,250000,263.2711631147541,65817790.77868852,WorkOrder_20260309_69ae2dac94f3a4.70043454.xlsx,2026-03-13T10:06:00Z
2026-03-13,FKSCLG,WO-2-2603-000077,2026-03-09,PT. PERMATA FOOD INDONESIA,15000,223.4018141276817,3351027.2119152253,WorkOrder_20260309_69ae2dac94f3a4.70043454.xlsx,2026-03-13T10:06:00Z
2026-03-13,FKSSBY,WO-1-2602-000001,2026-02-01,PT. FKS MULTI AGRO TBK,475000,56.51860822414015,26846338.906466573,WorkOrder_20260225_699ec3d3399ce8.31196348.xlsx,2026-03-13T10:06:00Z
2026-03-13,FKSSBY,WO-1-2602-000002,2026-02-01,PT. FKS MULTI AGRO TBK,475000,56.51860822414015,26846338.906466573,WorkOrder_20260225_699ec3d3399ce8.31196348.xlsx,2026-03-13T10:06:00Z
2026-03-13,FKSSBY,WO-1-2602-000003,2026-02-01,PT. FKS MULTI AGRO TBK,950000,56.51860822414015,53692677.81293315,WorkOrder_20260225_699ec3d3399ce8.31196348.xlsx,2026-03-13T10:06:00Z
2026-03-13,FKSSBY,WO-1-2602-000004,2026-02-01,PT. FKS MULTI AGRO TBK,475000,56.51860822414015,26846338.906466573,WorkOrder_20260225_699ec3d3399ce8.31196348.xlsx,2026-03-13T10:06:00Z
2026-03-13,FKSSBY,WO-1-2602-000005,2026-02-01,PT. FKS MULTI AGRO TBK,475000,56.51860822414015,26846338.906466573,WorkOrder_20260225_699ec3d3399ce8.31196348.xlsx,2026-03-13T10:06:00Z
2026-03-13,FKSSBY,WO-1-2602-000006,2026-02-01,PT. FKS MULTI AGRO TBK,950000,56.51860822414015,53692677.81293315,WorkOrder_20260225_699ec3d3399ce8.31196348.xlsx,2026-03-13T10:06:00Z
2026-03-13,FKSSBY,WO-1-2602-000007,2026-02-02,PT. FKS MULTI AGRO TBK,150000,56.51860822414015,8477791.233621024,WorkOrder_20260225_699ec3d3399ce8.31196348.xlsx,2026-03-13T10:06:00Z
2026-03-13,FKSSBY,WO-1-2602-000008,2026-02-02,PT. FKS MULTI AGRO TBK,35000,56.51860822414015,1978151.2878449054,WorkOrder_20260225_699ec3d3399ce8.31196348.xlsx,2026-03-13T10:06:00Z
2026-03-13,FKSSBY,WO-1-2602-000009,2026-02-02,PT. FKS MULTI AGRO TBK,35000,56.51860822414015,1978151.2878449054,WorkOrder_20260225_699ec3d3399ce8.31196348.xlsx,2026-03-13T10:06:00Z
2026-03-13,FKSSBY,WO-1-2602-000010,2026-02-02,PT. FKS MULTI AGRO TBK,5000,56.51860822414015,282593.0411207008,WorkOrder_20260225_699ec3d3399ce8.31196348.xlsx,2026-03-13T10:06:00Z
2026-03-13,FKSSBY,WO-1-2602-000011,2026-02-02,PT KALDU SARI NABATI INDONESIA,21,22450.723327305604,471465.1898734177,WorkOrder_20260225_699ec3d3399ce8.31196348.xlsx,2026-03-13T10:06:00Z
2026-03-13,FKSSBY,WO-1-2602-000012,2026-02-02,PT KALDU SARI NABATI INDONESIA,21,22450.723327305604,471465.1898734177,WorkOrder_20260225_699ec3d3399ce8.31196348.xlsx,2026-03-13T10:06:00Z
2026-03-13,FKSSBY,WO-1-2602-000013,2026-02-02,PT. FKS MULTI AGRO TBK,575000,56.51860822414015,32498199.728880588,WorkOrder_20260225_699ec3d3399ce8.31196348.xlsx,2026-03-13T10:06:00Z
2026-03-13,FKSSBY,WO-1-2602-000014,2026-02-02,PT. FKS MULTI AGRO TBK,40000,56.51860822414015,2260744.328965606,WorkOrder_20260225_699ec3d3399ce8.31196348.xlsx,2026-03-13T10:06:00Z
2026-03-13,FKSSBY,WO-1-2602-000015,2026-02-02,PT KALDU SARI NABATI INDONESIA,21,22450.723327305604,471465.1898734177,WorkOrder_20260225_699ec3d3399ce8.31196348.xlsx,2026-03-13T10:06:00Z
2026-03-13,FKSSBY,WO-1-2602-000016,2026-02-03,PT KALDU SARI NABATI INDONESIA,21,22450.723327305604,471465.1898734177,WorkOrder_20260225_699ec3d3399ce8.31196348.xlsx,2026-03-13T10:06:00Z
2026-03-13,FKSSBY,WO-1-2602-000017,2026-02-03,PT.WAHANA INTRADERMAGA NIAGA,1900000,66.0351606996023,125466805.32924438,WorkOrder_20260225_699ec3d3399ce8.31196348.xlsx,2026-03-13T10:06:00Z
2026-03-13,FKSSBY,WO-1-2602-000018,2026-02-03,PT KALDU SARI NABATI INDONESIA,21,22450.723327305604,471465.1898734177,WorkOrder_20260225_699ec3d3399ce8.31196348.xlsx,2026-03-13T10:06:00Z
2026-03-13,FKSSBY,WO-1-2602-000019,2026-02-03,PT KALDU SARI NABATI INDONESIA,21,22450.723327305604,471465.1898734177,WorkOrder_20260225_699ec3d3399ce8.31196348.xlsx,2026-03-13T10:06:00Z
2026-03-13,FKSSBY,WO-1-2602-000020,2026-02-04,PT KALDU SARI NABATI INDONESIA,21,22450.723327305604,471465.1898734177,WorkOrder_20260225_699ec3d3399ce8.31196348.xlsx,2026-03-13T10:06:00Z
2026-03-13,FKSSBY,WO-1-2602-000021,2026-02-04,PT KALDU SARI NABATI INDONESIA,21,22450.723327305604,471465.1898734177,WorkOrder_20260225_699ec3d3399ce8.31196348.xlsx,2026-03-13T10:06:00Z
2026-03-13,FKSSBY,WO-1-2602-000022,2026-02-04,PT. SIDO AGUNG MAGELANG,330000,210,69300000,WorkOrder_20260225_699ec3d3399ce8.31196348.xlsx,2026-03-13T10:06:00Z
2026-03-13,FKSSBY,WO-1-2602-000023,2026-02-04,PT. FKS MULTI AGRO TBK,30000,56.51860822414015,1695558.2467242046,WorkOrder_20260225_699ec3d3399ce8.31196348.xlsx,2026-03-13T10:06:00Z
2026-03-13,FKSSBY,WO-1-2602-000024,2026-02-04,PT. FKS MULTI AGRO TBK,133000,56.51860822414015,7516974.89381064,WorkOrder_20260225_699ec3d3399ce8.31196348.xlsx,2026-03-13T10:06:00Z
2026-03-13,FKSSBY,WO-1-2602-000025,2026-02-04,PT. FKS MULTI AGRO TBK,1000000,56.51860822414015,56518608.22414015,WorkOrder_20260225_699ec3d3399ce8.31196348.xlsx,2026-03-13T10:06:00Z
2026-03-13,FKSSBY,WO-1-2602-000026,2026-02-04,PT KALDU SARI NABATI INDONESIA,21,22450.723327305604,471465.1898734177,WorkOrder_20260225_699ec3d3399ce8.31196348.xlsx,2026-03-13T10:06:00Z
2026-03-13,FKSSBY,WO-1-2602-000027,2026-02-04,PT KALDU SARI NABATI INDONESIA,21,22450.723327305604,471465.1898734177,WorkOrder_20260225_699ec3d3399ce8.31196348.xlsx,2026-03-13T10:06:00Z
2026-03-13,FKSSBY,WO-1-2602-000028,2026-02-04,PT KALDU SARI NABATI INDONESIA,21,22450.723327305604,471465.1898734177,WorkOrder_20260225_699ec3d3399ce8.31196348.xlsx,2026-03-13T10:06:00Z
2026-03-13,FKSSBY,WO-1-2602-000029,2026-02-04,PT KALDU SARI NABATI INDONESIA,21,22450.723327305604,471465.1898734177,WorkOrder_20260225_699ec3d3399ce8.31196348.xlsx,2026-03-13T10:06:00Z
2026-03-13,FKSSBY,WO-1-2602-000030,2026-02-04,PT KALDU SARI NABATI INDONESIA,21,22450.723327305604,471465.1898734177,WorkOrder_20260225_699ec3d3399ce8.31196348.xlsx,2026-03-13T10:06:00Z
2026-03-13,FKSSBY,WO-1-2602-000031,2026-02-04,PT. FKS MULTI AGRO TBK,358070,56.51860822414015,20237618.046817865,WorkOrder_20260225_699ec3d3399ce8.31196348.xlsx,2026-03-13T10:06:00Z
2026-03-13,FKSSBY,WO-1-2602-000032,2026-02-05,PT KALDU SARI NABATI INDONESIA,21,22450.723327305604,471465.1898734177,WorkOrder_20260225_699ec3d3399ce8.31196348.xlsx,2026-03-13T10:06:00Z
2026-03-13,FKSSBY,WO-1-2602-000033,2026-02-05,PT KALDU SARI NABATI INDONESIA,21,22450.723327305604,471465.1898734177,WorkOrder_20260225_699ec3d3399ce8.31196348.xlsx,2026-03-13T10:06:00Z
2026-03-13,FKSSBY,WO-1-2602-000034,2026-02-05,PT KALDU SARI NABATI INDONESIA,21,22450.723327305604,471465.1898734177,WorkOrder_20260225_699ec3d3399ce8.31196348.xlsx,2026-03-13T10:06:00Z
2026-03-13,FKSSBY,WO-1-2602-000035,2026-02-05,PT KALDU SARI NABATI INDONESIA,21,22450.723327305604,471465.1898734177,WorkOrder_20260225_699ec3d3399ce8.31196348.xlsx,2026-03-13T10:06:00Z
2026-03-13,FKSSBY,WO-1-2602-000036,2026-02-05,PT KALDU SARI NABATI INDONESIA,21,22450.723327305604,471465.1898734177,WorkOrder_20260225_699ec3d3399ce8.31196348.xlsx,2026-03-13T10:06:00Z
2026-03-13,FKSSBY,WO-1-2602-000037,2026-02-05,PT KALDU SARI NABATI INDONESIA,21,22450.723327305604,471465.1898734177,WorkOrder_20260225_699ec3d3399ce8.31196348.xlsx,2026-03-13T10:06:00Z
2026-03-13,FKSSBY,WO-1-2602-000038,2026-02-05,PT. FKS MULTI AGRO TBK,150000,56.51860822414015,8477791.233621024,WorkOrder_20260225_699ec3d3399ce8.31196348.xlsx,2026-03-13T10:06:00Z
2026-03-13,FKSSBY,WO-1-2602-000039,2026-02-06,PT. FKS MULTI AGRO TBK,250000,56.51860822414015,14129652.056035038,WorkOrder_20260225_699ec3d3399ce8.31196348.xlsx,2026-03-13T10:06:00Z
2026-03-13,FKSSBY,WO-1-2602-000040,2026-02-06,PT. FKS MULTI AGRO TBK,35000,56.51860822414015,1978151.2878449054,WorkOrder_20260225_699ec3d3399ce8.31196348.xlsx,2026-03-13T10:06:00Z
2026-03-13,FKSSBY,WO-1-2602-000041,2026-02-06,PT. FKS MULTI AGRO TBK,20000,56.51860822414015,1130372.164482803,WorkOrder_20260225_699ec3d3399ce8.31196348.xlsx,2026-03-13T10:06:00Z
2026-03-13,FKSSBY,WO-1-2602-000042,2026-02-06,PT KALDU SARI NABATI INDONESIA,21,22450.723327305604,471465.1898734177,WorkOrder_20260225_699ec3d3399ce8.31196348.xlsx,2026-03-13T10:06:00Z
2026-03-13,FKSSBY,WO-1-2602-000043,2026-02-06,PT KALDU SARI NABATI INDONESIA,21,22450.723327305604,471465.1898734177,WorkOrder_20260225_699ec3d3399ce8.31196348.xlsx,2026-03-13T10:06:00Z
2026-03-13,FKSSBY,WO-1-2602-000044,2026-02-06,PT KALDU SARI NABATI INDONESIA,21,22450.723327305604,471465.1898734177,WorkOrder_20260225_699ec3d3399ce8.31196348.xlsx,2026-03-13T10:06:00Z
2026-03-13,FKSSBY,WO-1-2602-000045,2026-02-07,PT KALDU SARI NABATI INDONESIA,21,22450.723327305604,471465.1898734177,WorkOrder_20260225_699ec3d3399ce8.31196348.xlsx,2026-03-13T10:06:00Z
2026-03-13,FKSSBY,WO-1-2602-000046,2026-02-07,PT KALDU SARI NABATI INDONESIA,21,22450.723327305604,471465.1898734177,WorkOrder_20260225_699ec3d3399ce8.31196348.xlsx,2026-03-13T10:06:00Z
2026-03-13,FKSSBY,WO-1-2602-000047,2026-02-09,PT KALDU SARI NABATI INDONESIA,21,22450.723327305604,471465.1898734177,WorkOrder_20260225_699ec3d3399ce8.31196348.xlsx,2026-03-13T10:06:00Z
2026-03-13,FKSSBY,WO-1-2602-000048,2026-02-09,PT KALDU SARI NABATI INDONESIA,21,22450.723327305604,471465.1898734177,WorkOrder_20260225_699ec3d3399ce8.31196348.xlsx,2026-03-13T10:06:00Z
2026-03-13,FKSSBY,WO-1-2602-000049,2026-02-09,PT KALDU SARI NABATI INDONESIA,21,22450.723327305604,471465.1898734177,WorkOrder_20260225_699ec3d3399ce8.31196348.xlsx,2026-03-13T10:06:00Z
2026-03-13,FKSSBY,WO-1-2602-000050,2026-02-09,PT KALDU SARI NABATI INDONESIA,21,22450.723327305604,471465.1898734177,WorkOrder_20260225_699ec3d3399ce8.31196348.xlsx,2026-03-13T10:06:00Z
2026-03-13,FKSSBY,WO-1-2602-000051,2026-02-09,PT KALDU SARI NABATI INDONESIA,21,22450.723327305604,471465.1898734177,WorkOrder_20260225_699ec3d3399ce8.31196348.xlsx,2026-03-13T10:06:00Z
2026-03-13,FKSSBY,WO-1-2602-000052,2026-02-09,PT. FKS MULTI AGRO TBK,1000000,56.51860822414015,56518608.22414015,WorkOrder_20260225_699ec3d3399ce8.31196348.xlsx,2026-03-13T10:06:00Z
2026-03-13,FKSSBY,WO-1-2602-000053,2026-02-09,PT. NEW HOPE JAWA TIMUR,570000,56.467995859399615,32186757.63985778,WorkOrder_20260225_699ec3d3399ce8.31196348.xlsx,2026-03-13T10:06:00Z
2026-03-13,FKSSBY,WO-1-2602-000054,2026-02-09,PT KALDU SARI NABATI INDONESIA,21,22450.723327305604,471465.1898734177,WorkOrder_20260225_699ec3d3399ce8.31196348.xlsx,2026-03-13T10:06:00Z
2026-03-13,FKSSBY,WO-1-2602-000055,2026-02-09,PT KALDU SARI NABATI INDONESIA,21,22450.723327305604,471465.1898734177,WorkOrder_20260225_699ec3d3399ce8.31196348.xlsx,2026-03-13T10:06:00Z
2026-03-13,FKSSBY,WO-1-2602-000056,2026-02-09,PT. FKS MULTI AGRO TBK,60000,56.51860822414015,3391116.4934484093,WorkOrder_20260225_699ec3d3399ce8.31196348.xlsx,2026-03-13T10:06:00Z
2026-03-13,FKSSBY,WO-1-2602-000057,2026-02-09,PT. FKS MULTI AGRO TBK,350000,56.51860822414015,19781512.878449053,WorkOrder_20260225_699ec3d3399ce8.31196348.xlsx,2026-03-13T10:06:00Z
2026-03-13,FKSSBY,WO-1-2602-000058,2026-02-09,PT KALDU SARI NABATI INDONESIA,21,22450.723327305604,471465.1898734177,WorkOrder_20260225_699ec3d3399ce8.31196348.xlsx,2026-03-13T10:06:00Z
2026-03-13,FKSSBY,WO-1-2602-000059,2026-02-09,PT KALDU SARI NABATI INDONESIA,21,22450.723327305604,471465.1898734177,WorkOrder_20260225_699ec3d3399ce8.31196348.xlsx,2026-03-13T10:06:00Z
2026-03-13,FKSSBY,WO-1-2602-000060,2026-02-10,PT. FKS MULTI AGRO TBK,1425000,56.51860822414015,80539016.71939972,WorkOrder_20260225_699ec3d3399ce8.31196348.xlsx,2026-03-13T10:06:00Z
2026-03-13,FKSSBY,WO-1-2602-000061,2026-02-10,PT. FKS MULTI AGRO TBK,855000,56.51860822414015,48323410.03163983,WorkOrder_20260225_699ec3d3399ce8.31196348.xlsx,2026-03-13T10:06:00Z
2026-03-13,FKSSBY,WO-1-2602-000062,2026-02-10,PT. FKS MULTI AGRO TBK,1805000,56.51860822414015,102016087.84457298,WorkOrder_20260225_699ec3d3399ce8.31196348.xlsx,2026-03-13T10:06:00Z
2026-03-13,FKSSBY,WO-1-2602-000063,2026-02-10,PT. FKS MULTI AGRO TBK,760000,56.51860822414015,42954142.25034652,WorkOrder_20260225_699ec3d3399ce8.31196348.xlsx,2026-03-13T10:06:00Z
2026-03-13,FKSSBY,WO-1-2602-000064,2026-02-10,PT.WAHANA INTRADERMAGA NIAGA,1425000,66.0351606996023,94100103.99693328,WorkOrder_20260225_699ec3d3399ce8.31196348.xlsx,2026-03-13T10:06:00Z
2026-03-13,FKSSBY,WO-1-2602-000065,2026-02-10,PT KALDU SARI NABATI INDONESIA,21,22450.723327305604,471465.1898734177,WorkOrder_20260225_699ec3d3399ce8.31196348.xlsx,2026-03-13T10:06:00Z
2026-03-13,FKSSBY,WO-1-2602-000066,2026-02-10,PT KALDU SARI NABATI INDONESIA,21,22450.723327305604,471465.1898734177,WorkOrder_20260225_699ec3d3399ce8.31196348.xlsx,2026-03-13T10:06:00Z
2026-03-13,FKSSBY,WO-1-2602-000067,2026-02-10,PT KALDU SARI NABATI INDONESIA,21,22450.723327305604,471465.1898734177,WorkOrder_20260225_699ec3d3399ce8.31196348.xlsx,2026-03-13T10:06:00Z
2026-03-13,FKSSBY,WO-1-2602-000068,2026-02-10,PT KALDU SARI NABATI INDONESIA,21,22450.723327305604,471465.1898734177,WorkOrder_20260225_699ec3d3399ce8.31196348.xlsx,2026-03-13T10:06:00Z
2026-03-13,FKSSBY,WO-1-2602-000069,2026-02-10,PT KALDU SARI NABATI INDONESIA,21,22450.723327305604,471465.1898734177,WorkOrder_20260225_699ec3d3399ce8.31196348.xlsx,2026-03-13T10:06:00Z
2026-03-13,FKSSBY,WO-1-2602-000070,2026-02-10,PT KALDU SARI NABATI INDONESIA,21,22450.723327305604,471465.1898734177,WorkOrder_20260225_699ec3d3399ce8.31196348.xlsx,2026-03-13T10:06:00Z
2026-03-13,FKSSBY,WO-1-2602-000071,2026-02-10,PT. FKS MULTI AGRO TBK,30000,56.51860822414015,1695558.2467242046,WorkOrder_20260225_699ec3d3399ce8.31196348.xlsx,2026-03-13T10:06:00Z
2026-03-13,FKSSBY,WO-1-2602-000072,2026-02-11,PT. FKS MULTI AGRO TBK,45000,56.51860822414015,2543337.3700863067,WorkOrder_20260225_699ec3d3399ce8.31196348.xlsx,2026-03-13T10:06:00Z
2026-03-13,FKSSBY,WO-1-2602-000073,2026-02-11,PT KALDU SARI NABATI INDONESIA,21,22450.723327305604,471465.1898734177,WorkOrder_20260225_699ec3d3399ce8.31196348.xlsx,2026-03-13T10:06:00Z
2026-03-13,FKSSBY,WO-1-2602-000074,2026-02-12,PT. FKS MULTI AGRO TBK,1200000,56.51860822414015,67822329.86896819,WorkOrder_20260225_699ec3d3399ce8.31196348.xlsx,2026-03-13T10:06:00Z
2026-03-13,FKSSBY,WO-1-2602-000075,2026-02-12,PT. FKS MULTI AGRO TBK,60000,56.51860822414015,3391116.4934484093,WorkOrder_20260225_699ec3d3399ce8.31196348.xlsx,2026-03-13T10:06:00Z
2026-03-13,FKSSBY,WO-1-2602-000076,2026-02-12,PT KALDU SARI NABATI INDONESIA,21,22450.723327305604,471465.1898734177,WorkOrder_20260225_699ec3d3399ce8.31196348.xlsx,2026-03-13T10:06:00Z
2026-03-13,FKSSBY,WO-1-2602-000077,2026-02-12,PT KALDU SARI NABATI INDONESIA,21,22450.723327305604,471465.1898734177,WorkOrder_20260225_699ec3d3399ce8.31196348.xlsx,2026-03-13T10:06:00Z
2026-03-13,FKSSBY,WO-1-2602-000078,2026-02-12,PT KALDU SARI NABATI INDONESIA,21,22450.723327305604,471465.1898734177,WorkOrder_20260225_699ec3d3399ce8.31196348.xlsx,2026-03-13T10:06:00Z
2026-03-13,FKSSBY,WO-1-2602-000079,2026-02-12,PT KALDU SARI NABATI INDONESIA,21,22450.723327305604,471465.1898734177,WorkOrder_20260225_699ec3d3399ce8.31196348.xlsx,2026-03-13T10:06:00Z
2026-03-13,FKSSBY,WO-1-2602-000080,2026-02-12,PT KALDU SARI NABATI INDONESIA,21,22450.723327305604,471465.1898734177,WorkOrder_20260225_699ec3d3399ce8.31196348.xlsx,2026-03-13T10:06:00Z
2026-03-13,FKSSBY,WO-1-2602-000081,2026-02-12,PT KALDU SARI NABATI INDONESIA,21,22450.723327305604,471465.1898734177,WorkOrder_20260225_699ec3d3399ce8.31196348.xlsx,2026-03-13T10:06:00Z
2026-03-13,FKSSBY,WO-1-2602-000082,2026-02-13,PT KALDU SARI NABATI INDONESIA,21,22450.723327305604,471465.1898734177,WorkOrder_20260225_699ec3d3399ce8.31196348.xlsx,2026-03-13T10:06:00Z
2026-03-13,FKSSBY,WO-1-2602-000083,2026-02-13,PT KALDU SARI NABATI INDONESIA,21,22450.723327305604,471465.1898734177,WorkOrder_20260225_699ec3d3399ce8.31196348.xlsx,2026-03-13T10:06:00Z
2026-03-13,FKSSBY,WO-1-2602-000084,2026-02-13,PT. FKS MULTI AGRO TBK,50000,56.51860822414015,2825930.4112070077,WorkOrder_20260225_699ec3d3399ce8.31196348.xlsx,2026-03-13T10:06:00Z
2026-03-13,FKSSBY,WO-1-2602-000085,2026-02-13,PT. FKS MULTI AGRO TBK,100000,56.51860822414015,5651860.822414015,WorkOrder_20260225_699ec3d3399ce8.31196348.xlsx,2026-03-13T10:06:00Z
2026-03-13,FKSSBY,WO-1-2602-000086,2026-02-13,PT. FKS MULTI AGRO TBK,35000,56.51860822414015,1978151.2878449054,WorkOrder_20260225_699ec3d3399ce8.31196348.xlsx,2026-03-13T10:06:00Z
2026-03-13,FKSSBY,WO-1-2602-000087,2026-02-13,PT KALDU SARI NABATI INDONESIA,21,22450.723327305604,471465.1898734177,WorkOrder_20260225_699ec3d3399ce8.31196348.xlsx,2026-03-13T10:06:00Z
2026-03-13,FKSSBY,WO-1-2602-000088,2026-02-13,PT KALDU SARI NABATI INDONESIA,21,22450.723327305604,471465.1898734177,WorkOrder_20260225_699ec3d3399ce8.31196348.xlsx,2026-03-13T10:06:00Z
2026-03-13,FKSSBY,WO-1-2602-000089,2026-02-14,PT KALDU SARI NABATI INDONESIA,21,22450.723327305604,471465.1898734177,WorkOrder_20260225_699ec3d3399ce8.31196348.xlsx,2026-03-13T10:06:00Z
2026-03-13,FKSSBY,WO-1-2602-000090,2026-02-14,PT KALDU SARI NABATI INDONESIA,21,22450.723327305604,471465.1898734177,WorkOrder_20260225_699ec3d3399ce8.31196348.xlsx,2026-03-13T10:06:00Z
2026-03-13,FKSSBY,WO-1-2602-000091,2026-02-14,PT KALDU SARI NABATI INDONESIA,21,22450.723327305604,471465.1898734177,WorkOrder_20260225_699ec3d3399ce8.31196348.xlsx,2026-03-13T10:06:00Z
2026-03-13,FKSSBY,WO-1-2602-000092,2026-02-14,PT KALDU SARI NABATI INDONESIA,21,22450.723327305604,471465.1898734177,WorkOrder_20260225_699ec3d3399ce8.31196348.xlsx,2026-03-13T10:06:00Z
2026-03-13,FKSSBY,WO-1-2602-000093,2026-02-14,PT KALDU SARI NABATI INDONESIA,21,22450.723327305604,471465.1898734177,WorkOrder_20260225_699ec3d3399ce8.31196348.xlsx,2026-03-13T10:06:00Z
2026-03-13,FKSSBY,WO-1-2602-000094,2026-02-14,PT KALDU SARI NABATI INDONESIA,21,22450.723327305604,471465.1898734177,WorkOrder_20260225_699ec3d3399ce8.31196348.xlsx,2026-03-13T10:06:00Z
2026-03-13,FKSSBY,WO-1-2602-000095,2026-02-14,PT KALDU SARI NABATI INDONESIA,21,22450.723327305604,471465.1898734177,WorkOrder_20260225_699ec3d3399ce8.31196348.xlsx,2026-03-13T10:06:00Z
2026-03-13,FKSSBY,WO-1-2602-000096,2026-02-15,PT KALDU SARI NABATI INDONESIA,21,22450.723327305604,471465.1898734177,WorkOrder_20260225_699ec3d3399ce8.31196348.xlsx,2026-03-13T10:06:00Z
2026-03-13,FKSSBY,WO-1-2602-000097,2026-02-15,PT.WAHANA INTRADERMAGA NIAGA,720000,66.0351606996023,47545315.703713655,WorkOrder_20260225_699ec3d3399ce8.31196348.xlsx,2026-03-13T10:06:00Z
2026-03-13,FKSSBY,WO-1-2602-000098,2026-02-15,PT.WAHANA INTRADERMAGA NIAGA,180000,66.0351606996023,11886328.925928414,WorkOrder_20260225_699ec3d3399ce8.31196348.xlsx,2026-03-13T10:06:00Z
2026-03-13,FKSSBY,WO-1-2602-000099,2026-02-15,PT.WAHANA INTRADERMAGA NIAGA,950000,66.0351606996023,62733402.66462219,WorkOrder_20260225_699ec3d3399ce8.31196348.xlsx,2026-03-13T10:06:00Z
2026-03-13,FKSSBY,WO-1-2602-000100,2026-02-15,PT. FKS MULTI AGRO TBK,3903000,56.51860822414015,220592127.898819,WorkOrder_20260225_699ec3d3399ce8.31196348.xlsx,2026-03-13T10:06:00Z
2026-03-13,FKSSBY,WO-1-2602-000101,2026-02-16,PT KALDU SARI NABATI INDONESIA,21,22450.723327305604,471465.1898734177,WorkOrder_20260225_699ec3d3399ce8.31196348.xlsx,2026-03-13T10:06:00Z
2026-03-13,FKSSBY,WO-1-2602-000102,2026-02-16,PT KALDU SARI NABATI INDONESIA,21,22450.723327305604,471465.1898734177,WorkOrder_20260225_699ec3d3399ce8.31196348.xlsx,2026-03-13T10:06:00Z
2026-03-13,FKSSBY,WO-1-2602-000103,2026-02-16,PT KALDU SARI NABATI INDONESIA,21,22450.723327305604,471465.1898734177,WorkOrder_20260225_699ec3d3399ce8.31196348.xlsx,2026-03-13T10:06:00Z
2026-03-13,FKSSBY,WO-1-2602-000104,2026-02-16,PT KALDU SARI NABATI INDONESIA,21,22450.723327305604,471465.1898734177,WorkOrder_20260225_699ec3d3399ce8.31196348.xlsx,2026-03-13T10:06:00Z
2026-03-13,FKSSBY,WO-1-2602-000105,2026-02-17,PT KALDU SARI NABATI INDONESIA,21,22450.723327305604,471465.1898734177,WorkOrder_20260225_699ec3d3399ce8.31196348.xlsx,2026-03-13T10:06:00Z
2026-03-13,FKSSBY,WO-1-2602-000106,2026-02-17,PT KALDU SARI NABATI INDONESIA,21,22450.723327305604,471465.1898734177,WorkOrder_20260225_699ec3d3399ce8.31196348.xlsx,2026-03-13T10:06:00Z
2026-03-13,FKSSBY,WO-1-2602-000107,2026-02-17,PT KALDU SARI NABATI INDONESIA,21,22450.723327305604,471465.1898734177,WorkOrder_20260225_699ec3d3399ce8.31196348.xlsx,2026-03-13T10:06:00Z
2026-03-13,FKSSBY,WO-1-2602-000108,2026-02-17,PT KALDU SARI NABATI INDONESIA,21,22450.723327305604,471465.1898734177,WorkOrder_20260225_699ec3d3399ce8.31196348.xlsx,2026-03-13T10:06:00Z
2026-03-13,FKSSBY,WO-1-2602-000109,2026-02-17,PT KALDU SARI NABATI INDONESIA,21,22450.723327305604,471465.1898734177,WorkOrder_20260225_699ec3d3399ce8.31196348.xlsx,2026-03-13T10:06:00Z
2026-03-13,FKSSBY,WO-1-2602-000110,2026-02-17,PT KALDU SARI NABATI INDONESIA,21,22450.723327305604,471465.1898734177,WorkOrder_20260225_699ec3d3399ce8.31196348.xlsx,2026-03-13T10:06:00Z
2026-03-13,FKSSBY,WO-1-2602-000111,2026-02-17,PT KALDU SARI NABATI INDONESIA,21,22450.723327305604,471465.1898734177,WorkOrder_20260225_699ec3d3399ce8.31196348.xlsx,2026-03-13T10:06:00Z
2026-03-13,FKSSBY,WO-1-2602-000112,2026-02-17,PT KALDU SARI NABATI INDONESIA,21,22450.723327305604,471465.1898734177,WorkOrder_20260225_699ec3d3399ce8.31196348.xlsx,2026-03-13T10:06:00Z
2026-03-13,FKSSBY,WO-1-2602-000113,2026-02-17,PT. GERBANG CAHAYA UTAMA,10000000,57.74214994218187,577421499.4218187,WorkOrder_20260225_699ec3d3399ce8.31196348.xlsx,2026-03-13T10:06:00Z
2026-03-13,FKSSBY,WO-1-2602-000114,2026-02-17,PT. FKS MULTI AGRO TBK,32206920,56.51860822414015,1820290293.5862238,WorkOrder_20260225_699ec3d3399ce8.31196348.xlsx,2026-03-13T10:06:00Z
2026-03-13,FKSSBY,WO-1-2602-000115,2026-02-17,PT. FKS MULTI AGRO TBK,6000000,56.51860822414015,339111649.3448409,WorkOrder_20260225_699ec3d3399ce8.31196348.xlsx,2026-03-13T10:06:00Z
2026-03-13,FKSSBY,WO-1-2602-000116,2026-02-18,PT KALDU SARI NABATI INDONESIA,21,22450.723327305604,471465.1898734177,WorkOrder_20260225_699ec3d3399ce8.31196348.xlsx,2026-03-13T10:06:00Z
2026-03-13,FKSSBY,WO-1-2602-000117,2026-02-18,PT KALDU SARI NABATI INDONESIA,21,22450.723327305604,471465.1898734177,WorkOrder_20260225_699ec3d3399ce8.31196348.xlsx,2026-03-13T10:06:00Z
2026-03-13,FKSSBY,WO-1-2602-000118,2026-02-18,PT KALDU SARI NABATI INDONESIA,21,22450.723327305604,471465.1898734177,WorkOrder_20260225_699ec3d3399ce8.31196348.xlsx,2026-03-13T10:06:00Z
2026-03-13,FKSSBY,WO-1-2602-000119,2026-02-18,PT KALDU SARI NABATI INDONESIA,21,22450.723327305604,471465.1898734177,WorkOrder_20260225_699ec3d3399ce8.31196348.xlsx,2026-03-13T10:06:00Z
2026-03-13,FKSSBY,WO-1-2602-000120,2026-02-19,PT KALDU SARI NABATI INDONESIA,21,22450.723327305604,471465.1898734177,WorkOrder_20260225_699ec3d3399ce8.31196348.xlsx,2026-03-13T10:06:00Z
2026-03-13,FKSSBY,WO-1-2602-000121,2026-02-19,PT. FKS MULTI AGRO TBK,1175000,56.51860822414015,66409364.66336468,WorkOrder_20260225_699ec3d3399ce8.31196348.xlsx,2026-03-13T10:06:00Z
2026-03-13,FKSSBY,WO-1-2602-000122,2026-02-19,PT. FKS MULTI AGRO TBK,90000,56.51860822414015,5086674.740172613,WorkOrder_20260225_699ec3d3399ce8.31196348.xlsx,2026-03-13T10:06:00Z
2026-03-13,FKSSBY,WO-1-2602-000123,2026-02-19,PT. FKS MULTI AGRO TBK,5000,56.51860822414015,282593.0411207008,WorkOrder_20260225_699ec3d3399ce8.31196348.xlsx,2026-03-13T10:06:00Z
2026-03-13,FKSSBY,WO-1-2602-000124,2026-02-20,PT KALDU SARI NABATI INDONESIA,21,22450.723327305604,471465.1898734177,WorkOrder_20260225_699ec3d3399ce8.31196348.xlsx,2026-03-13T10:06:00Z
2026-03-13,FKSSBY,WO-1-2602-000125,2026-02-19,PT. FKS MULTI AGRO TBK,10000,56.51860822414015,565186.0822414015,WorkOrder_20260225_699ec3d3399ce8.31196348.xlsx,2026-03-13T10:06:00Z
2026-03-13,FKSSBY,WO-1-2602-000126,2026-02-19,PT KALDU SARI NABATI INDONESIA,21,22450.723327305604,471465.1898734177,WorkOrder_20260225_699ec3d3399ce8.31196348.xlsx,2026-03-13T10:06:00Z
2026-03-13,FKSSBY,WO-1-2602-000127,2026-02-19,PT KALDU SARI NABATI INDONESIA,21,22450.723327305604,471465.1898734177,WorkOrder_20260225_699ec3d3399ce8.31196348.xlsx,2026-03-13T10:06:00Z
2026-03-13,FKSSBY,WO-1-2602-000128,2026-02-19,PT KALDU SARI NABATI INDONESIA,21,22450.723327305604,471465.1898734177,WorkOrder_20260225_699ec3d3399ce8.31196348.xlsx,2026-03-13T10:06:00Z
2026-03-13,FKSSBY,WO-1-2602-000129,2026-02-19,PT KALDU SARI NABATI INDONESIA,21,22450.723327305604,471465.1898734177,WorkOrder_20260225_699ec3d3399ce8.31196348.xlsx,2026-03-13T10:06:00Z
2026-03-13,FKSSBY,WO-1-2602-000130,2026-02-20,PT. FKS MULTI AGRO TBK,3000000,56.51860822414015,169555824.67242044,WorkOrder_20260225_699ec3d3399ce8.31196348.xlsx,2026-03-13T10:06:00Z
2026-03-13,FKSSBY,WO-1-2602-000131,2026-02-21,PT. FKS MULTI AGRO TBK,185000,56.51860822414015,10455942.521465927,WorkOrder_20260225_699ec3d3399ce8.31196348.xlsx,2026-03-13T10:06:00Z
2026-03-13,FKSSBY,WO-1-2602-000132,2026-02-21,PT. FKS MULTI AGRO TBK RK,430000,NA,NA,WorkOrder_20260225_699ec3d3399ce8.31196348.xlsx,2026-03-13T10:06:00Z
2026-03-13,FKSSBY,WO-1-2602-000133,2026-02-21,PT. FKS MULTI AGRO TBK,170000,56.51860822414015,9608163.398103826,WorkOrder_20260225_699ec3d3399ce8.31196348.xlsx,2026-03-13T10:06:00Z
2026-03-13,FKSSBY,WO-1-2602-000134,2026-02-21,PT KALDU SARI NABATI INDONESIA,21,22450.723327305604,471465.1898734177,WorkOrder_20260225_699ec3d3399ce8.31196348.xlsx,2026-03-13T10:06:00Z
2026-03-13,FKSSBY,WO-1-2602-000135,2026-02-21,PT KALDU SARI NABATI INDONESIA,21,22450.723327305604,471465.1898734177,WorkOrder_20260225_699ec3d3399ce8.31196348.xlsx,2026-03-13T10:06:00Z
2026-03-13,FKSSBY,WO-1-2602-000136,2026-02-21,PT KALDU SARI NABATI INDONESIA,21,22450.723327305604,471465.1898734177,WorkOrder_20260225_699ec3d3399ce8.31196348.xlsx,2026-03-13T10:06:00Z
2026-03-13,FKSSBY,WO-1-2602-000137,2026-02-21,PT KALDU SARI NABATI INDONESIA,21,22450.723327305604,471465.1898734177,WorkOrder_20260225_699ec3d3399ce8.31196348.xlsx,2026-03-13T10:06:00Z
2026-03-13,FKSSBY,WO-1-2602-000138,2026-02-21,PT KALDU SARI NABATI INDONESIA,21,22450.723327305604,471465.1898734177,WorkOrder_20260225_699ec3d3399ce8.31196348.xlsx,2026-03-13T10:06:00Z
2026-03-13,FKSSBY,WO-1-2602-000139,2026-02-21,PT KALDU SARI NABATI INDONESIA,21,22450.723327305604,471465.1898734177,WorkOrder_20260225_699ec3d3399ce8.31196348.xlsx,2026-03-13T10:06:00Z
2026-03-13,FKSSBY,WO-1-2602-000140,2026-02-10,PT. FKS MULTI AGRO TBK,185000,56.51860822414015,10455942.521465927,WorkOrder_20260225_699ec3d3399ce8.31196348.xlsx,2026-03-13T10:06:00Z
2026-03-13,FKSSBY,WO-1-2602-000141,2026-02-10,PT. FKS MULTI AGRO TBK RK,150000,NA,NA,WorkOrder_20260225_699ec3d3399ce8.31196348.xlsx,2026-03-13T10:06:00Z
2026-03-13,FKSSBY,WO-1-2602-000142,2026-02-21,PT. FKS MULTI AGRO TBK,357870,56.51860822414015,20226314.325173035,WorkOrder_20260225_699ec3d3399ce8.31196348.xlsx,2026-03-13T10:06:00Z
2026-03-13,FKSSBY,WO-1-2602-000143,2026-02-23,PT. FKS MULTI AGRO TBK,120000,56.51860822414015,6782232.9868968185,WorkOrder_20260225_699ec3d3399ce8.31196348.xlsx,2026-03-13T10:06:00Z
2026-03-13,FKSSBY,WO-1-2602-000144,2026-02-23,PT. FKS MULTI AGRO TBK,112170,56.51860822414015,6339692.284501801,WorkOrder_20260225_699ec3d3399ce8.31196348.xlsx,2026-03-13T10:06:00Z
2026-03-13,FKSSBY,WO-1-2602-000145,2026-02-23,PT. FKS MULTI AGRO TBK,405710,56.51860822414015,22930164.5426159,WorkOrder_20260225_699ec3d3399ce8.31196348.xlsx,2026-03-13T10:06:00Z
2026-03-13,FKSSBY,WO-1-2602-000146,2026-02-23,PT. FKS MULTI AGRO TBK,30000,56.51860822414015,1695558.2467242046,WorkOrder_20260225_699ec3d3399ce8.31196348.xlsx,2026-03-13T10:06:00Z
2026-03-13,FKSSBY,WO-1-2602-000147,2026-02-23,PT. FKS MULTI AGRO TBK,8150,56.51860822414015,460626.65702674224,WorkOrder_20260225_699ec3d3399ce8.31196348.xlsx,2026-03-13T10:06:00Z
2026-03-13,FKSSBY,WO-1-2602-000148,2026-02-23,PT. FKS MULTI AGRO TBK,1200000,56.51860822414015,67822329.86896819,WorkOrder_20260225_699ec3d3399ce8.31196348.xlsx,2026-03-13T10:06:00Z
2026-03-13,FKSSBY,WO-1-2602-000149,2026-02-23,PT. FKS MULTI AGRO TBK,27000,56.51860822414015,1526002.4220517841,WorkOrder_20260225_699ec3d3399ce8.31196348.xlsx,2026-03-13T10:06:00Z
2026-03-13,FKSSBY,WO-1-2602-000150,2026-02-23,PT KALDU SARI NABATI INDONESIA,21,22450.723327305604,471465.1898734177,WorkOrder_20260225_699ec3d3399ce8.31196348.xlsx,2026-03-13T10:06:00Z
2026-03-13,FKSSBY,WO-1-2602-000151,2026-02-23,PT KALDU SARI NABATI INDONESIA,21,22450.723327305604,471465.1898734177,WorkOrder_20260225_699ec3d3399ce8.31196348.xlsx,2026-03-13T10:06:00Z
2026-03-13,FKSSBY,WO-1-2602-000152,2026-02-23,PT KALDU SARI NABATI INDONESIA,21,22450.723327305604,471465.1898734177,WorkOrder_20260225_699ec3d3399ce8.31196348.xlsx,2026-03-13T10:06:00Z
2026-03-13,FKSSBY,WO-1-2602-000153,2026-02-23,PT KALDU SARI NABATI INDONESIA,21,22450.723327305604,471465.1898734177,WorkOrder_20260225_699ec3d3399ce8.31196348.xlsx,2026-03-13T10:06:00Z
2026-03-13,FKSSBY,WO-1-2602-000154,2026-02-24,PT KALDU SARI NABATI INDONESIA,21,22450.723327305604,471465.1898734177,WorkOrder_20260225_699ec3d3399ce8.31196348.xlsx,2026-03-13T10:06:00Z
2026-03-13,FKSSBY,WO-1-2602-000155,2026-02-24,PT KALDU SARI NABATI INDONESIA,21,22450.723327305604,471465.1898734177,WorkOrder_20260225_699ec3d3399ce8.31196348.xlsx,2026-03-13T10:06:00Z
2026-03-13,FKSSBY,WO-1-2602-000156,2026-02-24,PT KALDU SARI NABATI INDONESIA,21,22450.723327305604,471465.1898734177,WorkOrder_20260225_699ec3d3399ce8.31196348.xlsx,2026-03-13T10:06:00Z
2026-03-13,FKSSBY,WO-1-2602-000157,2026-02-24,PT KALDU SARI NABATI INDONESIA,21,22450.723327305604,471465.1898734177,WorkOrder_20260225_699ec3d3399ce8.31196348.xlsx,2026-03-13T10:06:00Z
2026-03-13,FKSSBY,WO-1-2602-000158,2026-02-24,PT KALDU SARI NABATI INDONESIA,21,22450.723327305604,471465.1898734177,WorkOrder_20260225_699ec3d3399ce8.31196348.xlsx,2026-03-13T10:06:00Z
2026-03-13,FKSSBY,WO-1-2602-000159,2026-02-24,PT KALDU SARI NABATI INDONESIA,21,22450.723327305604,471465.1898734177,WorkOrder_20260225_699ec3d3399ce8.31196348.xlsx,2026-03-13T10:06:00Z
2026-03-13,FKSSBY,WO-1-2602-000160,2026-02-25,PT KALDU SARI NABATI INDONESIA,21,22450.723327305604,471465.1898734177,WorkOrder_20260225_699ec3d3399ce8.31196348.xlsx,2026-03-13T10:06:00Z
2026-03-13,FKSSBY,WO-1-2602-000161,2026-02-25,PT KALDU SARI NABATI INDONESIA,21,22450.723327305604,471465.1898734177,WorkOrder_20260226_699fa5cc5c5ee1.28802208.xlsx,2026-03-13T10:06:00Z
2026-03-13,FKSSBY,WO-1-2602-000162,2026-02-25,PT KALDU SARI NABATI INDONESIA,21,22450.723327305604,471465.1898734177,WorkOrder_20260226_699fa5cc5c5ee1.28802208.xlsx,2026-03-13T10:06:00Z
2026-03-13,FKSSBY,WO-1-2602-000163,2026-02-25,PT KALDU SARI NABATI INDONESIA,21,22450.723327305604,471465.1898734177,WorkOrder_20260226_699fa5cc5c5ee1.28802208.xlsx,2026-03-13T10:06:00Z
2026-03-13,FKSSBY,WO-1-2602-000164,2026-02-25,PT KALDU SARI NABATI INDONESIA,21,22450.723327305604,471465.1898734177,WorkOrder_20260226_699fa5cc5c5ee1.28802208.xlsx,2026-03-13T10:06:00Z
2026-03-13,FKSSBY,WO-1-2602-000165,2026-02-25,PT KALDU SARI NABATI INDONESIA,21,22450.723327305604,471465.1898734177,WorkOrder_20260226_699fa5cc5c5ee1.28802208.xlsx,2026-03-13T10:06:00Z
2026-03-13,FKSSBY,WO-1-2602-000166,2026-02-25,PT. FKS MULTI AGRO TBK,45000,56.51860822414015,2543337.3700863067,WorkOrder_20260227_69a0e646e1a096.21731787.xlsx,2026-03-13T10:06:00Z
2026-03-13,FKSSBY,WO-1-2602-000167,2026-02-25,PT. FKS MULTI AGRO TBK,1200000,56.51860822414015,67822329.86896819,WorkOrder_20260227_69a0e646e1a096.21731787.xlsx,2026-03-13T10:06:00Z
2026-03-13,FKSSBY,WO-1-2602-000168,2026-02-26,PT KALDU SARI NABATI INDONESIA,21,22450.723327305604,471465.1898734177,WorkOrder_20260227_69a0e646e1a096.21731787.xlsx,2026-03-13T10:06:00Z
2026-03-13,FKSSBY,WO-1-2602-000169,2026-02-26,PT KALDU SARI NABATI INDONESIA,21,22450.723327305604,471465.1898734177,WorkOrder_20260227_69a0e646e1a096.21731787.xlsx,2026-03-13T10:06:00Z
2026-03-13,FKSSBY,WO-1-2602-000170,2026-02-26,PT KALDU SARI NABATI INDONESIA,21,22450.723327305604,471465.1898734177,WorkOrder_20260227_69a0e646e1a096.21731787.xlsx,2026-03-13T10:06:00Z
2026-03-13,FKSSBY,WO-1-2602-000171,2026-02-26,PT KALDU SARI NABATI INDONESIA,21,22450.723327305604,471465.1898734177,WorkOrder_20260227_69a0e646e1a096.21731787.xlsx,2026-03-13T10:06:00Z
2026-03-13,FKSSBY,WO-1-2602-000172,2026-02-26,PT KALDU SARI NABATI INDONESIA,21,22450.723327305604,471465.1898734177,WorkOrder_20260227_69a0e646e1a096.21731787.xlsx,2026-03-13T10:06:00Z
2026-03-13,FKSSBY,WO-1-2602-000173,2026-02-26,PT KALDU SARI NABATI INDONESIA,21,22450.723327305604,471465.1898734177,WorkOrder_20260227_69a0e646e1a096.21731787.xlsx,2026-03-13T10:06:00Z
2026-03-13,FKSSBY,WO-1-2602-000174,2026-02-26,PT KALDU SARI NABATI INDONESIA,21,22450.723327305604,471465.1898734177,WorkOrder_20260227_69a0e646e1a096.21731787.xlsx,2026-03-13T10:06:00Z
2026-03-13,FKSSBY,WO-1-2602-000175,2026-02-26,PT KALDU SARI NABATI INDONESIA,21,22450.723327305604,471465.1898734177,WorkOrder_20260227_69a0e646e1a096.21731787.xlsx,2026-03-13T10:06:00Z
2026-03-13,FKSSBY,WO-1-2602-000183,2026-03-01,PT. FKS MULTI AGRO TBK,1600000,56.51860822414015,90429773.15862425,WorkOrder_20260304_69a79cd47816c9.69792474.xlsx,2026-03-13T10:06:00Z
2026-03-13,FKSSBY,WO-1-2603-000001,2026-03-02,PT. FKS MULTI AGRO TBK,780000,56.51860822414015,44084514.41482932,WorkOrder_20260304_69a79cd47816c9.69792474.xlsx,2026-03-13T10:06:00Z
2026-03-13,FKSSBY,WO-1-2603-000002,2026-03-02,PT. FKS MULTI AGRO TBK,90000,56.51860822414015,5086674.740172613,WorkOrder_20260304_69a79cd47816c9.69792474.xlsx,2026-03-13T10:06:00Z
2026-03-13,FKSSBY,WO-1-2603-000003,2026-03-02,PT. FKS MULTI AGRO TBK,70000,56.51860822414015,3956302.575689811,WorkOrder_20260304_69a79cd47816c9.69792474.xlsx,2026-03-13T10:06:00Z
2026-03-13,FKSSBY,WO-1-2603-000004,2026-03-02,PT. FKS MULTI AGRO TBK,780000,56.51860822414015,44084514.41482932,WorkOrder_20260304_69a79cd47816c9.69792474.xlsx,2026-03-13T10:06:00Z
2026-03-13,FKSSBY,WO-1-2603-000005,2026-03-02,PT. FKS MULTI AGRO TBK,1200000,56.51860822414015,67822329.86896819,WorkOrder_20260304_69a79cd47816c9.69792474.xlsx,2026-03-13T10:06:00Z
2026-03-13,FKSSBY,WO-1-2603-000006,2026-03-03,PT.WAHANA INTRADERMAGA NIAGA,5700000,66.0351606996023,376400415.9877331,WorkOrder_20260304_69a79cd47816c9.69792474.xlsx,2026-03-13T10:06:00Z
2026-03-13,FKSSBY,WO-1-2603-000007,2026-03-02,PT KALDU SARI NABATI INDONESIA,21,22450.723327305604,471465.1898734177,WorkOrder_20260304_69a79cd47816c9.69792474.xlsx,2026-03-13T10:06:00Z
2026-03-13,FKSSBY,WO-1-2603-000008,2026-03-02,PT KALDU SARI NABATI INDONESIA,21,22450.723327305604,471465.1898734177,WorkOrder_20260304_69a79cd47816c9.69792474.xlsx,2026-03-13T10:06:00Z
2026-03-13,FKSSBY,WO-1-2603-000009,2026-03-02,PT KALDU SARI NABATI INDONESIA,21,22450.723327305604,471465.1898734177,WorkOrder_20260304_69a79cd47816c9.69792474.xlsx,2026-03-13T10:06:00Z
2026-03-13,FKSSBY,WO-1-2603-000010,2026-03-02,PT KALDU SARI NABATI INDONESIA,21,22450.723327305604,471465.1898734177,WorkOrder_20260304_69a79cd47816c9.69792474.xlsx,2026-03-13T10:06:00Z
2026-03-13,FKSSBY,WO-1-2603-000011,2026-03-02,PT KALDU SARI NABATI INDONESIA,21,22450.723327305604,471465.1898734177,WorkOrder_20260304_69a79cd47816c9.69792474.xlsx,2026-03-13T10:06:00Z
2026-03-13,FKSSBY,WO-1-2603-000012,2026-03-03,PT. NEW HOPE JAWA TIMUR,750000,56.467995859399615,42350996.89454971,WorkOrder_20260304_69a79cd47816c9.69792474.xlsx,2026-03-13T10:06:00Z
2026-03-13,FKSSBY,WO-1-2603-000013,2026-03-03,PT KALDU SARI NABATI INDONESIA,21,22450.723327305604,471465.1898734177,WorkOrder_20260304_69a79cd47816c9.69792474.xlsx,2026-03-13T10:06:00Z
2026-03-13,FKSSBY,WO-1-2603-000014,2026-03-03,PT KALDU SARI NABATI INDONESIA,21,22450.723327305604,471465.1898734177,WorkOrder_20260304_69a79cd47816c9.69792474.xlsx,2026-03-13T10:06:00Z
2026-03-13,FKSSBY,WO-1-2603-000015,2026-03-03,PT KALDU SARI NABATI INDONESIA,21,22450.723327305604,471465.1898734177,WorkOrder_20260304_69a79cd47816c9.69792474.xlsx,2026-03-13T10:06:00Z
2026-03-13,FKSSBY,WO-1-2603-000016,2026-03-03,PT KALDU SARI NABATI INDONESIA,21,22450.723327305604,471465.1898734177,WorkOrder_20260304_69a79cd47816c9.69792474.xlsx,2026-03-13T10:06:00Z
2026-03-13,FKSSBY,WO-1-2603-000017,2026-03-03,PT KALDU SARI NABATI INDONESIA,21,22450.723327305604,471465.1898734177,WorkOrder_20260304_69a79cd47816c9.69792474.xlsx,2026-03-13T10:06:00Z
2026-03-13,FKSSBY,WO-1-2603-000018,2026-03-03,PT KALDU SARI NABATI INDONESIA,21,22450.723327305604,471465.1898734177,WorkOrder_20260304_69a79cd47816c9.69792474.xlsx,2026-03-13T10:06:00Z
2026-03-13,FKSSBY,WO-1-2603-000019,2026-03-03,PT KALDU SARI NABATI INDONESIA,21,22450.723327305604,471465.1898734177,WorkOrder_20260304_69a79cd47816c9.69792474.xlsx,2026-03-13T10:06:00Z
2026-03-13,FKSSBY,WO-1-2603-000020,2026-03-03,PT KALDU SARI NABATI INDONESIA,21,22450.723327305604,471465.1898734177,WorkOrder_20260304_69a79cd47816c9.69792474.xlsx,2026-03-13T10:06:00Z
2026-03-13,FKSSBY,WO-1-2603-000021,2026-03-03,PT. FKS MULTI AGRO TBK,90000,56.51860822414015,5086674.740172613,WorkOrder_20260304_69a79cd47816c9.69792474.xlsx,2026-03-13T10:06:00Z
2026-03-13,FKSSBY,WO-1-2603-000022,2026-03-04,PT. FKS MULTI AGRO TBK,45000,56.51860822414015,2543337.3700863067,WorkOrder_20260309_69ae2da4402dd7.10739847.xlsx,2026-03-13T10:06:00Z
2026-03-13,FKSSBY,WO-1-2603-000023,2026-03-04,PT KALDU SARI NABATI INDONESIA,21,22450.723327305604,471465.1898734177,WorkOrder_20260309_69ae2da4402dd7.10739847.xlsx,2026-03-13T10:06:00Z
2026-03-13,FKSSBY,WO-1-2603-000024,2026-03-04,PT KALDU SARI NABATI INDONESIA,21,22450.723327305604,471465.1898734177,WorkOrder_20260309_69ae2da4402dd7.10739847.xlsx,2026-03-13T10:06:00Z
2026-03-13,FKSSBY,WO-1-2603-000025,2026-03-05,PT. FKS MULTI AGRO TBK,700000,56.51860822414015,39563025.756898105,WorkOrder_20260309_69ae2da4402dd7.10739847.xlsx,2026-03-13T10:06:00Z
2026-03-13,FKSSBY,WO-1-2603-000026,2026-03-05,PT. FKS MULTI AGRO TBK,12450,56.51860822414015,703656.6723905449,WorkOrder_20260309_69ae2da4402dd7.10739847.xlsx,2026-03-13T10:06:00Z
2026-03-13,FKSSBY,WO-1-2603-000027,2026-03-05,PT. FKS MULTI AGRO TBK,30000,56.51860822414015,1695558.2467242046,WorkOrder_20260309_69ae2da4402dd7.10739847.xlsx,2026-03-13T10:06:00Z
2026-03-13,FKSSBY,WO-1-2603-000028,2026-03-05,PT KALDU SARI NABATI INDONESIA,21,22450.723327305604,471465.1898734177,WorkOrder_20260309_69ae2da4402dd7.10739847.xlsx,2026-03-13T10:06:00Z
2026-03-13,FKSSBY,WO-1-2603-000029,2026-03-05,PT KALDU SARI NABATI INDONESIA,21,22450.723327305604,471465.1898734177,WorkOrder_20260309_69ae2da4402dd7.10739847.xlsx,2026-03-13T10:06:00Z
2026-03-13,FKSSBY,WO-1-2603-000030,2026-03-05,PT KALDU SARI NABATI INDONESIA,21,22450.723327305604,471465.1898734177,WorkOrder_20260309_69ae2da4402dd7.10739847.xlsx,2026-03-13T10:06:00Z
2026-03-13,FKSSBY,WO-1-2603-000031,2026-03-06,PT. FKS MULTI AGRO TBK,711720,56.51860822414015,40225423.84528503,WorkOrder_20260309_69ae2da4402dd7.10739847.xlsx,2026-03-13T10:06:00Z
2026-03-13,FKSSBY,WO-1-2603-000032,2026-03-06,PT. FKS MULTI AGRO TBK,2000,56.51860822414015,113037.2164482803,WorkOrder_20260309_69ae2da4402dd7.10739847.xlsx,2026-03-13T10:06:00Z
2026-03-13,FKSSBY,WO-1-2603-000033,2026-03-06,PT.WAHANA INTRADERMAGA NIAGA,3700000,66.0351606996023,244330094.5885285,WorkOrder_20260309_69ae2da4402dd7.10739847.xlsx,2026-03-13T10:06:00Z
2026-03-13,FKSSBY,WO-1-2603-000034,2026-03-06,PT KALDU SARI NABATI INDONESIA,21,22450.723327305604,471465.1898734177,WorkOrder_20260309_69ae2da4402dd7.10739847.xlsx,2026-03-13T10:06:00Z
2026-03-13,FKSSBY,WO-1-2603-000035,2026-03-06,PT KALDU SARI NABATI INDONESIA,21,22450.723327305604,471465.1898734177,WorkOrder_20260309_69ae2da4402dd7.10739847.xlsx,2026-03-13T10:06:00Z
2026-03-13,FKSSBY,WO-1-2603-000036,2026-03-06,PT KALDU SARI NABATI INDONESIA,21,22450.723327305604,471465.1898734177,WorkOrder_20260309_69ae2da4402dd7.10739847.xlsx,2026-03-13T10:06:00Z
2026-03-13,FKSSBY,WO-1-2603-000037,2026-03-06,PT KALDU SARI NABATI INDONESIA,21,22450.723327305604,471465.1898734177,WorkOrder_20260309_69ae2da4402dd7.10739847.xlsx,2026-03-13T10:06:00Z
2026-03-13,FKSSBY,WO-1-2603-000038,2026-03-06,PT KALDU SARI NABATI INDONESIA,21,22450.723327305604,471465.1898734177,WorkOrder_20260309_69ae2da4402dd7.10739847.xlsx,2026-03-13T10:06:00Z
2026-03-13,FKSSBY,WO-1-2603-000039,2026-03-06,PT KALDU SARI NABATI INDONESIA,21,22450.723327305604,471465.1898734177,WorkOrder_20260309_69ae2da4402dd7.10739847.xlsx,2026-03-13T10:06:00Z
2026-03-13,FKSSBY,WO-1-2603-000040,2026-03-06,PT KALDU SARI NABATI INDONESIA,21,22450.723327305604,471465.1898734177,WorkOrder_20260309_69ae2da4402dd7.10739847.xlsx,2026-03-13T10:06:00Z
2026-03-13,FKSSBY,WO-1-2603-000041,2026-03-07,PT KALDU SARI NABATI INDONESIA,21,22450.723327305604,471465.1898734177,WorkOrder_20260309_69ae2da4402dd7.10739847.xlsx,2026-03-13T10:06:00Z
2026-03-13,FKSSBY,WO-1-2603-000042,2026-03-07,PT KALDU SARI NABATI INDONESIA,21,22450.723327305604,471465.1898734177,WorkOrder_20260309_69ae2da4402dd7.10739847.xlsx,2026-03-13T10:06:00Z
2026-03-13,FKSSBY,WO-1-2603-000044,2026-03-07,PT KALDU SARI NABATI INDONESIA,21,22450.723327305604,471465.1898734177,WorkOrder_20260309_69ae2da4402dd7.10739847.xlsx,2026-03-13T10:06:00Z
2026-03-13,FKSSBY,WO-1-2603-000045,2026-03-06,PT. FKS MULTI AGRO TBK,30000,56.51860822414015,1695558.2467242046,WorkOrder_20260309_69ae2da4402dd7.10739847.xlsx,2026-03-13T10:06:00Z
